tier,tier_label,ARTG_ID,product_name,sponsor,zinc_percent,n_uv_filters,uv_filters,actives_with_qty,spf_label,mineral_only,pdf_collected,artg_page,pdf_url
1,baby/kids · mineral-only,525601,KIDS ZINC SUNSCREEN,Veganic SKN,25.0,1,zinc oxide,zinc oxide 250.0mg/g,,True,False,https://www.tga.gov.au/resources/artg/525601,https://www.ebs.tga.gov.au/servlet/xmlmillr6?dbid=ebs/PublicHTML/pdfStore.nsf&docid=525601&agid=(PrintDetailsPublic)&actionid=1
1,baby/kids · mineral-only,526295,Kids Mineral Sunscreen,Veganic SKN,25.0,1,zinc oxide,zinc oxide 250.0mg/g,,True,False,https://www.tga.gov.au/resources/artg/526295,https://www.ebs.tga.gov.au/servlet/xmlmillr6?dbid=ebs/PublicHTML/pdfStore.nsf&docid=526295&agid=(PrintDetailsPublic)&actionid=1
1,baby/kids · mineral-only,526343,MIneral Baby Sunscreen,Veganic SKN,25.0,1,zinc oxide,zinc oxide 250.0mg/g,,True,False,https://www.tga.gov.au/resources/artg/526343,https://www.ebs.tga.gov.au/servlet/xmlmillr6?dbid=ebs/PublicHTML/pdfStore.nsf&docid=526343&agid=(PrintDetailsPublic)&actionid=1
1,baby/kids · mineral-only,526340,Mineral Kids Sunscreen,Veganic SKN,25.0,1,zinc oxide,zinc oxide 250.0mg/g,,True,False,https://www.tga.gov.au/resources/artg/526340,https://www.ebs.tga.gov.au/servlet/xmlmillr6?dbid=ebs/PublicHTML/pdfStore.nsf&docid=526340&agid=(PrintDetailsPublic)&actionid=1
1,baby/kids · mineral-only,526391,Mineral Kids Sunscreen,Veganic SKN,25.0,1,zinc oxide,zinc oxide 250.0mg/g,,True,True,https://www.tga.gov.au/resources/artg/526391,https://www.ebs.tga.gov.au/servlet/xmlmillr6?dbid=ebs/PublicHTML/pdfStore.nsf&docid=526391&agid=(PrintDetailsPublic)&actionid=1
1,baby/kids · mineral-only,526347,Organic Kids Sunscreen,Veganic SKN,25.0,1,zinc oxide,zinc oxide 250.0mg/g,,True,False,https://www.tga.gov.au/resources/artg/526347,https://www.ebs.tga.gov.au/servlet/xmlmillr6?dbid=ebs/PublicHTML/pdfStore.nsf&docid=526347&agid=(PrintDetailsPublic)&actionid=1
1,baby/kids · mineral-only,407089,Banana Boat Baby Zinc Sunscreen Lotion SPF 50+,Edgewell Personal Care Australia Pty Ltd,24.575,1,zinc oxide,zinc oxide 245.75mg/g,50,True,True,https://www.tga.gov.au/resources/artg/407089,https://www.ebs.tga.gov.au/servlet/xmlmillr6?dbid=ebs/PublicHTML/pdfStore.nsf&docid=407089&agid=(PrintDetailsPublic)&actionid=1
1,baby/kids · mineral-only,527776,Kids Roll-On Natural Clear Zinc Sunscreen,Littleurchin Pty Ltd,24.05,1,zinc oxide,zinc oxide 240.5mg/g,,True,False,https://www.tga.gov.au/resources/artg/527776,https://www.ebs.tga.gov.au/servlet/xmlmillr6?dbid=ebs/PublicHTML/pdfStore.nsf&docid=527776&agid=(PrintDetailsPublic)&actionid=1
1,baby/kids · mineral-only,457847,BABY NATURAL CLEAR ZINC SUNSCREEN,Littleurchin Pty Ltd,22.75,1,zinc oxide,zinc oxide 227.5mg/g,,True,False,https://www.tga.gov.au/resources/artg/457847,https://www.ebs.tga.gov.au/servlet/xmlmillr6?dbid=ebs/PublicHTML/pdfStore.nsf&docid=457847&agid=(PrintDetailsPublic)&actionid=1
1,baby/kids · mineral-only,481465,Baby Mineral Sunscreen SPF50+,Feel Good and Co Pty Ltd,22.75,1,zinc oxide,zinc oxide 227.5mg/g,50,True,False,https://www.tga.gov.au/resources/artg/481465,https://www.ebs.tga.gov.au/servlet/xmlmillr6?dbid=ebs/PublicHTML/pdfStore.nsf&docid=481465&agid=(PrintDetailsPublic)&actionid=1
1,baby/kids · mineral-only,457849,KIDS NATURAL CLEAR ZINC SUNSCREEN,Littleurchin Pty Ltd,22.75,1,zinc oxide,zinc oxide 227.5mg/g,,True,False,https://www.tga.gov.au/resources/artg/457849,https://www.ebs.tga.gov.au/servlet/xmlmillr6?dbid=ebs/PublicHTML/pdfStore.nsf&docid=457849&agid=(PrintDetailsPublic)&actionid=1
1,baby/kids · mineral-only,450067,MINERAL SUNSCREEN FOR BABIES & CHILDREN,The Trustee for Sun and Daughter Unit Trust,22.75,1,zinc oxide,zinc oxide 227.5mg/g,,True,False,https://www.tga.gov.au/resources/artg/450067,https://www.ebs.tga.gov.au/servlet/xmlmillr6?dbid=ebs/PublicHTML/pdfStore.nsf&docid=450067&agid=(PrintDetailsPublic)&actionid=1
1,baby/kids · mineral-only,525074,Mineral Sunscreen for Babies and Children,The Trustee for Sun and Daughter Unit Trust,22.75,1,zinc oxide,zinc oxide 227.5mg/g,,True,False,https://www.tga.gov.au/resources/artg/525074,https://www.ebs.tga.gov.au/servlet/xmlmillr6?dbid=ebs/PublicHTML/pdfStore.nsf&docid=525074&agid=(PrintDetailsPublic)&actionid=1
1,baby/kids · mineral-only,465670,Invisible Zinc Junior Mineral Sunscreen SPF50,iNova Pharmaceuticals (Australia) Pty Ltd,22.0,1,zinc oxide,zinc oxide 220.0mg/g,50,True,False,https://www.tga.gov.au/resources/artg/465670,https://www.ebs.tga.gov.au/servlet/xmlmillr6?dbid=ebs/PublicHTML/pdfStore.nsf&docid=465670&agid=(PrintDetailsPublic)&actionid=1
1,baby/kids · mineral-only,312977,Invisible Zinc Junior Mineral Sunscreen SPF 50,iNova Pharmaceuticals (Australia) Pty Ltd,5.85,1,zinc oxide,zinc oxide 58.5mg/g; zinc oxide 190.0mg/g,50,True,False,https://www.tga.gov.au/resources/artg/312977,https://www.ebs.tga.gov.au/servlet/xmlmillr6?dbid=ebs/PublicHTML/pdfStore.nsf&docid=312977&agid=(PrintDetailsPublic)&actionid=1
2,sensitive · mineral-only,405180,Surfmud Surfbaby Sensitive Sunscreen SPF30,Stayout Industries Pty Ltd,25.0003,1,zinc oxide,zinc oxide 250.003mg/g,30,True,False,https://www.tga.gov.au/resources/artg/405180,https://www.ebs.tga.gov.au/servlet/xmlmillr6?dbid=ebs/PublicHTML/pdfStore.nsf&docid=405180&agid=(PrintDetailsPublic)&actionid=1
2,sensitive · mineral-only,477151,Mineral Sunscreen Sensitive,Baxter Laboratories Pty Ltd,25.0,1,zinc oxide,zinc oxide 250.0mg/g,,True,False,https://www.tga.gov.au/resources/artg/477151,https://www.ebs.tga.gov.au/servlet/xmlmillr6?dbid=ebs/PublicHTML/pdfStore.nsf&docid=477151&agid=(PrintDetailsPublic)&actionid=1
2,sensitive · mineral-only,519486,SParms Organic Sensitive Skin Facial Sunscreen,ANK Golf Logistics Pty Ltd,25.0,1,zinc oxide,zinc oxide 250.0mg/g,,True,False,https://www.tga.gov.au/resources/artg/519486,https://www.ebs.tga.gov.au/servlet/xmlmillr6?dbid=ebs/PublicHTML/pdfStore.nsf&docid=519486&agid=(PrintDetailsPublic)&actionid=1
3,mineral-only,526394,Mineral Surf & Snorkel Sunscreen,Veganic SKN,40.0,1,zinc oxide,zinc oxide 400.0mg/g,,True,False,https://www.tga.gov.au/resources/artg/526394,https://www.ebs.tga.gov.au/servlet/xmlmillr6?dbid=ebs/PublicHTML/pdfStore.nsf&docid=526394&agid=(PrintDetailsPublic)&actionid=1
3,mineral-only,526345,Organic Sport Sunscreen,Veganic SKN,40.0,1,zinc oxide,zinc oxide 400.0mg/g,,True,False,https://www.tga.gov.au/resources/artg/526345,https://www.ebs.tga.gov.au/servlet/xmlmillr6?dbid=ebs/PublicHTML/pdfStore.nsf&docid=526345&agid=(PrintDetailsPublic)&actionid=1
3,mineral-only,525315,WORK-SHIELD PRO ZINC SUNSCREEN,Veganic SKN,40.0,1,zinc oxide,zinc oxide 400.0mg/g,,True,False,https://www.tga.gov.au/resources/artg/525315,https://www.ebs.tga.gov.au/servlet/xmlmillr6?dbid=ebs/PublicHTML/pdfStore.nsf&docid=525315&agid=(PrintDetailsPublic)&actionid=1
3,mineral-only,526298,Worksite Mineral Sunscreen,Veganic SKN,40.0,1,zinc oxide,zinc oxide 400.0mg/g,,True,False,https://www.tga.gov.au/resources/artg/526298,https://www.ebs.tga.gov.au/servlet/xmlmillr6?dbid=ebs/PublicHTML/pdfStore.nsf&docid=526298&agid=(PrintDetailsPublic)&actionid=1
3,mineral-only,405179,Surfmud Ocean Addicts Sunscreen SPF30,Stayout Industries Pty Ltd,25.0003,1,zinc oxide,zinc oxide 250.003mg/g,30,True,False,https://www.tga.gov.au/resources/artg/405179,https://www.ebs.tga.gov.au/servlet/xmlmillr6?dbid=ebs/PublicHTML/pdfStore.nsf&docid=405179&agid=(PrintDetailsPublic)&actionid=1
3,mineral-only,386666,Bondi Sands Mineral Zinc Sunscreen SPF50+ Body Lotion,Bondi Sands Pty Ltd,25.0,1,zinc oxide,zinc oxide 250.0mg/g,50,True,False,https://www.tga.gov.au/resources/artg/386666,https://www.ebs.tga.gov.au/servlet/xmlmillr6?dbid=ebs/PublicHTML/pdfStore.nsf&docid=386666&agid=(PrintDetailsPublic)&actionid=1
3,mineral-only,386665,Bondi Sands Mineral Zinc Sunscreen SPF50+ Face Lotion,Bondi Sands Pty Ltd,25.0,1,zinc oxide,zinc oxide 250.0mg/g,50,True,False,https://www.tga.gov.au/resources/artg/386665,https://www.ebs.tga.gov.au/servlet/xmlmillr6?dbid=ebs/PublicHTML/pdfStore.nsf&docid=386665&agid=(PrintDetailsPublic)&actionid=1
3,mineral-only,490877,Clear Zinc Sunscreen SPF 50,Moogoo Skin Care Pty Ltd,25.0,1,zinc oxide,zinc oxide 250.0mg/g,50,True,False,https://www.tga.gov.au/resources/artg/490877,https://www.ebs.tga.gov.au/servlet/xmlmillr6?dbid=ebs/PublicHTML/pdfStore.nsf&docid=490877&agid=(PrintDetailsPublic)&actionid=1
3,mineral-only,529471,Everybody Sunscreen,Veganic SKN,25.0,1,zinc oxide,zinc oxide 250.0mg/g,,True,False,https://www.tga.gov.au/resources/artg/529471,https://www.ebs.tga.gov.au/servlet/xmlmillr6?dbid=ebs/PublicHTML/pdfStore.nsf&docid=529471&agid=(PrintDetailsPublic)&actionid=1
3,mineral-only,525638,FACE & BODY ZINC SUNSCREEN,Veganic SKN,25.0,1,zinc oxide,zinc oxide 250.0mg/g,,True,False,https://www.tga.gov.au/resources/artg/525638,https://www.ebs.tga.gov.au/servlet/xmlmillr6?dbid=ebs/PublicHTML/pdfStore.nsf&docid=525638&agid=(PrintDetailsPublic)&actionid=1
3,mineral-only,524613,Fullnoon Mineral Sunscreen,Veganic SKN,25.0,1,zinc oxide,zinc oxide 250.0mg/g,,True,False,https://www.tga.gov.au/resources/artg/524613,https://www.ebs.tga.gov.au/servlet/xmlmillr6?dbid=ebs/PublicHTML/pdfStore.nsf&docid=524613&agid=(PrintDetailsPublic)&actionid=1
3,mineral-only,525502,GENTLE APRICOT ZINC SUNSCREEN,Veganic SKN,25.0,1,zinc oxide,zinc oxide 250.0mg/g,,True,False,https://www.tga.gov.au/resources/artg/525502,https://www.ebs.tga.gov.au/servlet/xmlmillr6?dbid=ebs/PublicHTML/pdfStore.nsf&docid=525502&agid=(PrintDetailsPublic)&actionid=1
3,mineral-only,525503,MOZZIE BARRIER ZINC SUNSCREEN,Veganic SKN,25.0,1,zinc oxide,zinc oxide 250.0mg/g,,True,False,https://www.tga.gov.au/resources/artg/525503,https://www.ebs.tga.gov.au/servlet/xmlmillr6?dbid=ebs/PublicHTML/pdfStore.nsf&docid=525503&agid=(PrintDetailsPublic)&actionid=1
3,mineral-only,388075,Maxiblock Mineral Sunscreen Cream SPF50,Natuva Pty Ltd,25.0,1,zinc oxide,zinc oxide 250.0mg/g,50,True,False,https://www.tga.gov.au/resources/artg/388075,https://www.ebs.tga.gov.au/servlet/xmlmillr6?dbid=ebs/PublicHTML/pdfStore.nsf&docid=388075&agid=(PrintDetailsPublic)&actionid=1
3,mineral-only,526392,Mineral Face Sunscreen,Veganic SKN,25.0,1,zinc oxide,zinc oxide 250.0mg/g,,True,False,https://www.tga.gov.au/resources/artg/526392,https://www.ebs.tga.gov.au/servlet/xmlmillr6?dbid=ebs/PublicHTML/pdfStore.nsf&docid=526392&agid=(PrintDetailsPublic)&actionid=1
3,mineral-only,526341,Mineral Family Sunscreen,Veganic SKN,25.0,1,zinc oxide,zinc oxide 250.0mg/g,,True,False,https://www.tga.gov.au/resources/artg/526341,https://www.ebs.tga.gov.au/servlet/xmlmillr6?dbid=ebs/PublicHTML/pdfStore.nsf&docid=526341&agid=(PrintDetailsPublic)&actionid=1
3,mineral-only,526393,Mineral Mosquito Barrier Sunscreen,Veganic SKN,25.0,1,zinc oxide,zinc oxide 250.0mg/g,,True,False,https://www.tga.gov.au/resources/artg/526393,https://www.ebs.tga.gov.au/servlet/xmlmillr6?dbid=ebs/PublicHTML/pdfStore.nsf&docid=526393&agid=(PrintDetailsPublic)&actionid=1
3,mineral-only,526296,Mineral Sunscreen Face & Body,Veganic SKN,25.0,1,zinc oxide,zinc oxide 250.0mg/g,,True,False,https://www.tga.gov.au/resources/artg/526296,https://www.ebs.tga.gov.au/servlet/xmlmillr6?dbid=ebs/PublicHTML/pdfStore.nsf&docid=526296&agid=(PrintDetailsPublic)&actionid=1
3,mineral-only,386474,Moisturising Mineral SPF50 Sunscreen,Northside Brands Pty Ltd,25.0,1,zinc oxide,zinc oxide 250.0mg/g,50,True,False,https://www.tga.gov.au/resources/artg/386474,https://www.ebs.tga.gov.au/servlet/xmlmillr6?dbid=ebs/PublicHTML/pdfStore.nsf&docid=386474&agid=(PrintDetailsPublic)&actionid=1
3,mineral-only,526342,Mosquito Barrier Sunscreen,Veganic SKN,25.0,1,zinc oxide,zinc oxide 250.0mg/g,,True,False,https://www.tga.gov.au/resources/artg/526342,https://www.ebs.tga.gov.au/servlet/xmlmillr6?dbid=ebs/PublicHTML/pdfStore.nsf&docid=526342&agid=(PrintDetailsPublic)&actionid=1
3,mineral-only,473985,NATURAL MINERAL SUNSCREEN,James Brus Dewar,25.0,1,zinc oxide,zinc oxide 250.0mg/g,,True,False,https://www.tga.gov.au/resources/artg/473985,https://www.ebs.tga.gov.au/servlet/xmlmillr6?dbid=ebs/PublicHTML/pdfStore.nsf&docid=473985&agid=(PrintDetailsPublic)&actionid=1
3,mineral-only,355157,Natural Face Sunscreen +Mineral Makeup BB Cream Sun SPF40 Beige,ECOdirect Pty Ltd,25.0,1,zinc oxide,zinc oxide 250.0mg/g,40,True,False,https://www.tga.gov.au/resources/artg/355157,https://www.ebs.tga.gov.au/servlet/xmlmillr6?dbid=ebs/PublicHTML/pdfStore.nsf&docid=355157&agid=(PrintDetailsPublic)&actionid=1
3,mineral-only,389955,Natural Face Sunscreen +Mineral Makeup BB Cream Sun SPF40 Nude,ECOdirect Pty Ltd,25.0,1,zinc oxide,zinc oxide 250.0mg/g,40,True,False,https://www.tga.gov.au/resources/artg/389955,https://www.ebs.tga.gov.au/servlet/xmlmillr6?dbid=ebs/PublicHTML/pdfStore.nsf&docid=389955&agid=(PrintDetailsPublic)&actionid=1
3,mineral-only,389956,Natural Face Sunscreen Sun SPF40  +Mineral Makeup BB Cream Tan,ECOdirect Pty Ltd,25.0,1,zinc oxide,zinc oxide 250.0mg/g,40,True,False,https://www.tga.gov.au/resources/artg/389956,https://www.ebs.tga.gov.au/servlet/xmlmillr6?dbid=ebs/PublicHTML/pdfStore.nsf&docid=389956&agid=(PrintDetailsPublic)&actionid=1
3,mineral-only,395319,Natural Instinct Body SPF50+ Clean Sunscreen,Mentholatum Australasia Pty Ltd,25.0,1,zinc oxide,zinc oxide 250.0mg/g,50,True,False,https://www.tga.gov.au/resources/artg/395319,https://www.ebs.tga.gov.au/servlet/xmlmillr6?dbid=ebs/PublicHTML/pdfStore.nsf&docid=395319&agid=(PrintDetailsPublic)&actionid=1
3,mineral-only,474237,Natural Mineral Hydrating Sunscreen,SNDY SKN,25.0,1,zinc oxide,zinc oxide 250.0mg/g,,True,False,https://www.tga.gov.au/resources/artg/474237,https://www.ebs.tga.gov.au/servlet/xmlmillr6?dbid=ebs/PublicHTML/pdfStore.nsf&docid=474237&agid=(PrintDetailsPublic)&actionid=1
3,mineral-only,371017,Natural zinc sunscreen,ECOdirect Pty Ltd,25.0,1,zinc oxide,zinc oxide 250.0mg/g,,True,False,https://www.tga.gov.au/resources/artg/371017,https://www.ebs.tga.gov.au/servlet/xmlmillr6?dbid=ebs/PublicHTML/pdfStore.nsf&docid=371017&agid=(PrintDetailsPublic)&actionid=1
3,mineral-only,379602,OUTDOORPLUS MINERAL ZINC SPF50 SUNSCREEN,Simply Goldstar Australia Pty Ltd,25.0,1,zinc oxide,zinc oxide 250.0mg/g,50,True,False,https://www.tga.gov.au/resources/artg/379602,https://www.ebs.tga.gov.au/servlet/xmlmillr6?dbid=ebs/PublicHTML/pdfStore.nsf&docid=379602&agid=(PrintDetailsPublic)&actionid=1
3,mineral-only,526346,Organic Citronella Sunscreen,Veganic SKN,25.0,1,zinc oxide,zinc oxide 250.0mg/g,,True,False,https://www.tga.gov.au/resources/artg/526346,https://www.ebs.tga.gov.au/servlet/xmlmillr6?dbid=ebs/PublicHTML/pdfStore.nsf&docid=526346&agid=(PrintDetailsPublic)&actionid=1
3,mineral-only,526344,Organic Sunscreen,Veganic SKN,25.0,1,zinc oxide,zinc oxide 250.0mg/g,,True,False,https://www.tga.gov.au/resources/artg/526344,https://www.ebs.tga.gov.au/servlet/xmlmillr6?dbid=ebs/PublicHTML/pdfStore.nsf&docid=526344&agid=(PrintDetailsPublic)&actionid=1
3,mineral-only,526294,Oyster Suncare SPF50 Organic Mineral Sunscreen Creme,Oyster Suncare Pty Ltd,25.0,1,zinc oxide,zinc oxide 250.0mg/g,50,True,False,https://www.tga.gov.au/resources/artg/526294,https://www.ebs.tga.gov.au/servlet/xmlmillr6?dbid=ebs/PublicHTML/pdfStore.nsf&docid=526294&agid=(PrintDetailsPublic)&actionid=1
3,mineral-only,420117,SPF50 Mineral Sunscreen Lotion,Concept Laboratories Pty Ltd,25.0,1,zinc oxide,zinc oxide 250.0mg/g,50,True,False,https://www.tga.gov.au/resources/artg/420117,https://www.ebs.tga.gov.au/servlet/xmlmillr6?dbid=ebs/PublicHTML/pdfStore.nsf&docid=420117&agid=(PrintDetailsPublic)&actionid=1
3,mineral-only,525639,SPORT PRO ZINC SUNSCREEN,Veganic SKN,25.0,1,zinc oxide,zinc oxide 250.0mg/g,,True,False,https://www.tga.gov.au/resources/artg/525639,https://www.ebs.tga.gov.au/servlet/xmlmillr6?dbid=ebs/PublicHTML/pdfStore.nsf&docid=525639&agid=(PrintDetailsPublic)&actionid=1
3,mineral-only,528517,Sun Zapper Anti-Aging Pure Zinc Sunscreen SPF30,Sun Zapper Sun Care Pty Ltd,25.0,1,zinc oxide,zinc oxide 250.0mg/g,30,True,False,https://www.tga.gov.au/resources/artg/528517,https://www.ebs.tga.gov.au/servlet/xmlmillr6?dbid=ebs/PublicHTML/pdfStore.nsf&docid=528517&agid=(PrintDetailsPublic)&actionid=1
3,mineral-only,528516,Sun Zapper Face Pure Zinc Sunscreen SPF30,Sun Zapper Sun Care Pty Ltd,25.0,1,zinc oxide,zinc oxide 250.0mg/g,30,True,False,https://www.tga.gov.au/resources/artg/528516,https://www.ebs.tga.gov.au/servlet/xmlmillr6?dbid=ebs/PublicHTML/pdfStore.nsf&docid=528516&agid=(PrintDetailsPublic)&actionid=1
3,mineral-only,488482,Sun Zapper Pure Zinc Anti-mozzie Sunscreen SPF50,Sun Zapper Sun Care Pty Ltd,25.0,1,zinc oxide,zinc oxide 250.0mg/g,50,True,False,https://www.tga.gov.au/resources/artg/488482,https://www.ebs.tga.gov.au/servlet/xmlmillr6?dbid=ebs/PublicHTML/pdfStore.nsf&docid=488482&agid=(PrintDetailsPublic)&actionid=1
3,mineral-only,488483,Sun Zapper Pure Zinc Sunscreen SPF50,Sun Zapper Sun Care Pty Ltd,25.0,1,zinc oxide,zinc oxide 250.0mg/g,50,True,False,https://www.tga.gov.au/resources/artg/488483,https://www.ebs.tga.gov.au/servlet/xmlmillr6?dbid=ebs/PublicHTML/pdfStore.nsf&docid=488483&agid=(PrintDetailsPublic)&actionid=1
3,mineral-only,526283,Surf Life Saving Face Zinc Sunscreen SPF 50,Veganic SKN,25.0,1,zinc oxide,zinc oxide 250.0mg/g,50,True,False,https://www.tga.gov.au/resources/artg/526283,https://www.ebs.tga.gov.au/servlet/xmlmillr6?dbid=ebs/PublicHTML/pdfStore.nsf&docid=526283&agid=(PrintDetailsPublic)&actionid=1
3,mineral-only,489706,Ultra Light Mineral Sunscreen Lotion SPF50,Feel Good and Co Pty Ltd,25.0,1,zinc oxide,zinc oxide 250.0mg/g,50,True,False,https://www.tga.gov.au/resources/artg/489706,https://www.ebs.tga.gov.au/servlet/xmlmillr6?dbid=ebs/PublicHTML/pdfStore.nsf&docid=489706&agid=(PrintDetailsPublic)&actionid=1
3,mineral-only,402729,ZinClear Hydrating Sunscreen SPF50,Veganic SKN,25.0,1,zinc oxide,zinc oxide 250.0mg/g,50,True,False,https://www.tga.gov.au/resources/artg/402729,https://www.ebs.tga.gov.au/servlet/xmlmillr6?dbid=ebs/PublicHTML/pdfStore.nsf&docid=402729&agid=(PrintDetailsPublic)&actionid=1
3,mineral-only,360452,Anti Skin Irritation Sunscreen SPF 40,A Bit Hippy Pty Ltd,24.96,1,zinc oxide,zinc oxide 249.6mg/g,40,True,False,https://www.tga.gov.au/resources/artg/360452,https://www.ebs.tga.gov.au/servlet/xmlmillr6?dbid=ebs/PublicHTML/pdfStore.nsf&docid=360452&agid=(PrintDetailsPublic)&actionid=1
3,mineral-only,334457,Clear Zinc Sunscreen SPF 40,Moogoo Skin Care Pty Ltd,24.96,1,zinc oxide,zinc oxide 249.6mg/g,40,True,False,https://www.tga.gov.au/resources/artg/334457,https://www.ebs.tga.gov.au/servlet/xmlmillr6?dbid=ebs/PublicHTML/pdfStore.nsf&docid=334457&agid=(PrintDetailsPublic)&actionid=1
3,mineral-only,529257,Mini Moo Healthy Clear Zinc Sunscreen SPF 40,Moogoo Skin Care Pty Ltd,24.96,1,zinc oxide,zinc oxide 249.6mg/g,40,True,False,https://www.tga.gov.au/resources/artg/529257,https://www.ebs.tga.gov.au/servlet/xmlmillr6?dbid=ebs/PublicHTML/pdfStore.nsf&docid=529257&agid=(PrintDetailsPublic)&actionid=1
3,mineral-only,464495,Bulldog Skincare SPF50+ Mineral Zinc Face Sunscreen,Edgewell Personal Care Australia Pty Ltd,24.575,1,zinc oxide,zinc oxide 245.75mg/g,50,True,False,https://www.tga.gov.au/resources/artg/464495,https://www.ebs.tga.gov.au/servlet/xmlmillr6?dbid=ebs/PublicHTML/pdfStore.nsf&docid=464495&agid=(PrintDetailsPublic)&actionid=1
3,mineral-only,407060,Hawaiian Tropic Silk Hydration Mineral Zinc Sunscreen Lotion SPF 50+,Edgewell Personal Care Australia Pty Ltd,24.575,1,zinc oxide,zinc oxide 245.75mg/g,50,True,False,https://www.tga.gov.au/resources/artg/407060,https://www.ebs.tga.gov.au/servlet/xmlmillr6?dbid=ebs/PublicHTML/pdfStore.nsf&docid=407060&agid=(PrintDetailsPublic)&actionid=1
3,mineral-only,527778,Natural Tropical Clear Zinc Sunscreen,Littleurchin Pty Ltd,24.05,1,zinc oxide,zinc oxide 240.5mg/g,,True,False,https://www.tga.gov.au/resources/artg/527778,https://www.ebs.tga.gov.au/servlet/xmlmillr6?dbid=ebs/PublicHTML/pdfStore.nsf&docid=527778&agid=(PrintDetailsPublic)&actionid=1
3,mineral-only,527777,Natural Vanilla Coconut Clear Zinc Sunscreen,Littleurchin Pty Ltd,24.05,1,zinc oxide,zinc oxide 240.5mg/g,,True,False,https://www.tga.gov.au/resources/artg/527777,https://www.ebs.tga.gov.au/servlet/xmlmillr6?dbid=ebs/PublicHTML/pdfStore.nsf&docid=527777&agid=(PrintDetailsPublic)&actionid=1
3,mineral-only,375558,Sunbutter Natural Sunscreen SPF50 tinted palm free,Mamani Pty Ltd,22.8,1,zinc oxide,zinc oxide 228.0mg/g,50,True,False,https://www.tga.gov.au/resources/artg/375558,https://www.ebs.tga.gov.au/servlet/xmlmillr6?dbid=ebs/PublicHTML/pdfStore.nsf&docid=375558&agid=(PrintDetailsPublic)&actionid=1
3,mineral-only,401018,Avocado Zinc SPF 50 Natural Physical Sunscreen,AVOCADO ZINC PTY LTD,22.75,1,zinc oxide,zinc oxide 227.5mg/g,50,True,False,https://www.tga.gov.au/resources/artg/401018,https://www.ebs.tga.gov.au/servlet/xmlmillr6?dbid=ebs/PublicHTML/pdfStore.nsf&docid=401018&agid=(PrintDetailsPublic)&actionid=1
3,mineral-only,510888,Basking Beauty Natural Sunscreen,The Beauty Apothecary Australia Pty Ltd,22.75,1,zinc oxide,zinc oxide 227.5mg/g,,True,False,https://www.tga.gov.au/resources/artg/510888,https://www.ebs.tga.gov.au/servlet/xmlmillr6?dbid=ebs/PublicHTML/pdfStore.nsf&docid=510888&agid=(PrintDetailsPublic)&actionid=1
3,mineral-only,370525,Basking Beauty Natural Sunscreen SPF50,The Beauty Apothecary Australia Pty Ltd,22.75,1,zinc oxide,zinc oxide 227.5mg/g,50,True,False,https://www.tga.gov.au/resources/artg/370525,https://www.ebs.tga.gov.au/servlet/xmlmillr6?dbid=ebs/PublicHTML/pdfStore.nsf&docid=370525&agid=(PrintDetailsPublic)&actionid=1
3,mineral-only,445877,Everyday Sunscreen,Sol Goods Pty Ltd,22.75,1,zinc oxide,zinc oxide 227.5mg/g,,True,False,https://www.tga.gov.au/resources/artg/445877,https://www.ebs.tga.gov.au/servlet/xmlmillr6?dbid=ebs/PublicHTML/pdfStore.nsf&docid=445877&agid=(PrintDetailsPublic)&actionid=1
3,mineral-only,504847,Everyday Tinted Sunscreen,Elari Medical Pty Ltd,22.75,1,zinc oxide,zinc oxide 227.5mg/g,,True,False,https://www.tga.gov.au/resources/artg/504847,https://www.ebs.tga.gov.au/servlet/xmlmillr6?dbid=ebs/PublicHTML/pdfStore.nsf&docid=504847&agid=(PrintDetailsPublic)&actionid=1
3,mineral-only,492249,FACE LIGHT/MEDIUM TINT NATURAL SUNSCREEN,Littleurchin Pty Ltd,22.75,1,zinc oxide,zinc oxide 227.5mg/g,,True,False,https://www.tga.gov.au/resources/artg/492249,https://www.ebs.tga.gov.au/servlet/xmlmillr6?dbid=ebs/PublicHTML/pdfStore.nsf&docid=492249&agid=(PrintDetailsPublic)&actionid=1
3,mineral-only,492250,FACE NATURAL CLEAR ZINC SUNSCREEN,Littleurchin Pty Ltd,22.75,1,zinc oxide,zinc oxide 227.5mg/g,,True,False,https://www.tga.gov.au/resources/artg/492250,https://www.ebs.tga.gov.au/servlet/xmlmillr6?dbid=ebs/PublicHTML/pdfStore.nsf&docid=492250&agid=(PrintDetailsPublic)&actionid=1
3,mineral-only,486485,FUCA SPF 50+ Mineral Sunscreen,Fuca Pty Ltd,22.75,1,zinc oxide,zinc oxide 227.5mg/g,50,True,False,https://www.tga.gov.au/resources/artg/486485,https://www.ebs.tga.gov.au/servlet/xmlmillr6?dbid=ebs/PublicHTML/pdfStore.nsf&docid=486485&agid=(PrintDetailsPublic)&actionid=1
3,mineral-only,410595,INIKA Natural Sunscreen SPF 50+,Total Beauty Network Pty Ltd,22.75,1,zinc oxide,zinc oxide 227.5mg/g,50,True,False,https://www.tga.gov.au/resources/artg/410595,https://www.ebs.tga.gov.au/servlet/xmlmillr6?dbid=ebs/PublicHTML/pdfStore.nsf&docid=410595&agid=(PrintDetailsPublic)&actionid=1
3,mineral-only,410596,INIKA Tinted Natural Sunscreen SPF 50+,Total Beauty Network Pty Ltd,22.75,1,zinc oxide,zinc oxide 227.5mg/g,50,True,False,https://www.tga.gov.au/resources/artg/410596,https://www.ebs.tga.gov.au/servlet/xmlmillr6?dbid=ebs/PublicHTML/pdfStore.nsf&docid=410596&agid=(PrintDetailsPublic)&actionid=1
3,mineral-only,455309,KAKADU PLUM MINERAL SUNSCREEN LOTION,in awe Australia,22.75,1,zinc oxide,zinc oxide 227.5mg/g,,True,False,https://www.tga.gov.au/resources/artg/455309,https://www.ebs.tga.gov.au/servlet/xmlmillr6?dbid=ebs/PublicHTML/pdfStore.nsf&docid=455309&agid=(PrintDetailsPublic)&actionid=1
3,mineral-only,410414,LITTLE URCHIN Natural Clear Zinc Sunscreen SPF 30,Littleurchin Pty Ltd,22.75,1,zinc oxide,zinc oxide 227.5mg/g,30,True,False,https://www.tga.gov.au/resources/artg/410414,https://www.ebs.tga.gov.au/servlet/xmlmillr6?dbid=ebs/PublicHTML/pdfStore.nsf&docid=410414&agid=(PrintDetailsPublic)&actionid=1
3,mineral-only,375131,LITTLE URCHIN Natural Clear Zinc Sunscreen SPF 50+,Littleurchin Pty Ltd,22.75,1,zinc oxide,zinc oxide 227.5mg/g,50,True,False,https://www.tga.gov.au/resources/artg/375131,https://www.ebs.tga.gov.au/servlet/xmlmillr6?dbid=ebs/PublicHTML/pdfStore.nsf&docid=375131&agid=(PrintDetailsPublic)&actionid=1
3,mineral-only,420371,Mineral Sunscreen SPF 50,Winki Zinc Pty Ltd as Trustee for Sharrock Business Trust,22.75,1,zinc oxide,zinc oxide 227.5mg/g,50,True,False,https://www.tga.gov.au/resources/artg/420371,https://www.ebs.tga.gov.au/servlet/xmlmillr6?dbid=ebs/PublicHTML/pdfStore.nsf&docid=420371&agid=(PrintDetailsPublic)&actionid=1
3,mineral-only,525075,Mineral Sunscreen Stick,The Trustee for Sun and Daughter Unit Trust,22.75,1,zinc oxide,zinc oxide 227.5mg/g,,True,False,https://www.tga.gov.au/resources/artg/525075,https://www.ebs.tga.gov.au/servlet/xmlmillr6?dbid=ebs/PublicHTML/pdfStore.nsf&docid=525075&agid=(PrintDetailsPublic)&actionid=1
3,mineral-only,488927,Natural Clear Zinc Sunscreen,Ethical Zinc Pty Ltd,22.75,1,zinc oxide,zinc oxide 227.5mg/g,,True,False,https://www.tga.gov.au/resources/artg/488927,https://www.ebs.tga.gov.au/servlet/xmlmillr6?dbid=ebs/PublicHTML/pdfStore.nsf&docid=488927&agid=(PrintDetailsPublic)&actionid=1
3,mineral-only,492259,Natural Clear Zinc Sunscreen,Littleurchin Pty Ltd,22.75,1,zinc oxide,zinc oxide 227.5mg/g,,True,False,https://www.tga.gov.au/resources/artg/492259,https://www.ebs.tga.gov.au/servlet/xmlmillr6?dbid=ebs/PublicHTML/pdfStore.nsf&docid=492259&agid=(PrintDetailsPublic)&actionid=1
3,mineral-only,406997,Natural Clear Zinc Sunscreen Stick,Ethical Zinc Pty Ltd,22.75,1,zinc oxide,zinc oxide 227.5mg/g,,True,False,https://www.tga.gov.au/resources/artg/406997,https://www.ebs.tga.gov.au/servlet/xmlmillr6?dbid=ebs/PublicHTML/pdfStore.nsf&docid=406997&agid=(PrintDetailsPublic)&actionid=1
3,mineral-only,481987,Natural Zinc Sunscreen Stick,ECOdirect Pty Ltd,22.75,1,zinc oxide,zinc oxide 227.5mg/g,,True,False,https://www.tga.gov.au/resources/artg/481987,https://www.ebs.tga.gov.au/servlet/xmlmillr6?dbid=ebs/PublicHTML/pdfStore.nsf&docid=481987&agid=(PrintDetailsPublic)&actionid=1
3,mineral-only,506488,Pink Tinted Mineral Sunscreen,The Trustee for Sun and Daughter Unit Trust,22.75,1,zinc oxide,zinc oxide 227.5mg/g,,True,False,https://www.tga.gov.au/resources/artg/506488,https://www.ebs.tga.gov.au/servlet/xmlmillr6?dbid=ebs/PublicHTML/pdfStore.nsf&docid=506488&agid=(PrintDetailsPublic)&actionid=1
3,mineral-only,525076,Pink Tinted Mineral Sunscreen Stick,The Trustee for Sun and Daughter Unit Trust,22.75,1,zinc oxide,zinc oxide 227.5mg/g,,True,False,https://www.tga.gov.au/resources/artg/525076,https://www.ebs.tga.gov.au/servlet/xmlmillr6?dbid=ebs/PublicHTML/pdfStore.nsf&docid=525076&agid=(PrintDetailsPublic)&actionid=1
3,mineral-only,412332,RAWW Natural Sunscreen SPF 50+,Total Beauty Network Pty Ltd,22.75,1,zinc oxide,zinc oxide 227.5mg/g,50,True,False,https://www.tga.gov.au/resources/artg/412332,https://www.ebs.tga.gov.au/servlet/xmlmillr6?dbid=ebs/PublicHTML/pdfStore.nsf&docid=412332&agid=(PrintDetailsPublic)&actionid=1
3,mineral-only,412333,RAWW Tinted Natural Sunscreen SPF 50+,Total Beauty Network Pty Ltd,22.75,1,zinc oxide,zinc oxide 227.5mg/g,50,True,False,https://www.tga.gov.au/resources/artg/412333,https://www.ebs.tga.gov.au/servlet/xmlmillr6?dbid=ebs/PublicHTML/pdfStore.nsf&docid=412333&agid=(PrintDetailsPublic)&actionid=1
3,mineral-only,400321,SPF 50+ Omega-Boost Sheer Mineral Sunscreen,The Weringa Group Pty Ltd,22.75,1,zinc oxide,zinc oxide 227.5mg/g,50,True,False,https://www.tga.gov.au/resources/artg/400321,https://www.ebs.tga.gov.au/servlet/xmlmillr6?dbid=ebs/PublicHTML/pdfStore.nsf&docid=400321&agid=(PrintDetailsPublic)&actionid=1
3,mineral-only,443909,SPF 50+ Sheer Deep Tinted Moisturising Sunscreen,The Weringa Group Pty Ltd,22.75,1,zinc oxide,zinc oxide 227.5mg/g,50,True,False,https://www.tga.gov.au/resources/artg/443909,https://www.ebs.tga.gov.au/servlet/xmlmillr6?dbid=ebs/PublicHTML/pdfStore.nsf&docid=443909&agid=(PrintDetailsPublic)&actionid=1
3,mineral-only,443908,SPF 50+ Sheer Light Tinted Moisturising Sunscreen,The Weringa Group Pty Ltd,22.75,1,zinc oxide,zinc oxide 227.5mg/g,50,True,False,https://www.tga.gov.au/resources/artg/443908,https://www.ebs.tga.gov.au/servlet/xmlmillr6?dbid=ebs/PublicHTML/pdfStore.nsf&docid=443908&agid=(PrintDetailsPublic)&actionid=1
3,mineral-only,443910,SPF 50+ Sheer Medium Tinted Moisturising Sunscreen,The Weringa Group Pty Ltd,22.75,1,zinc oxide,zinc oxide 227.5mg/g,50,True,False,https://www.tga.gov.au/resources/artg/443910,https://www.ebs.tga.gov.au/servlet/xmlmillr6?dbid=ebs/PublicHTML/pdfStore.nsf&docid=443910&agid=(PrintDetailsPublic)&actionid=1
3,mineral-only,427868,SPF50+ Mineral Sunscreen,Mother Sun Protection Factor Pty Ltd,22.75,1,zinc oxide,zinc oxide 227.5mg/g,50,True,False,https://www.tga.gov.au/resources/artg/427868,https://www.ebs.tga.gov.au/servlet/xmlmillr6?dbid=ebs/PublicHTML/pdfStore.nsf&docid=427868&agid=(PrintDetailsPublic)&actionid=1
3,mineral-only,401181,SURFMUD MINERAL SUNSCREEN SPF50+,Stayout Industries Pty Ltd,22.75,1,zinc oxide,zinc oxide 227.5mg/g,50,True,False,https://www.tga.gov.au/resources/artg/401181,https://www.ebs.tga.gov.au/servlet/xmlmillr6?dbid=ebs/PublicHTML/pdfStore.nsf&docid=401181&agid=(PrintDetailsPublic)&actionid=1
3,mineral-only,378139,Sunbutter Sunscreen SPF50,Mamani Pty Ltd,22.75,1,zinc oxide,zinc oxide 227.5mg/g,50,True,False,https://www.tga.gov.au/resources/artg/378139,https://www.ebs.tga.gov.au/servlet/xmlmillr6?dbid=ebs/PublicHTML/pdfStore.nsf&docid=378139&agid=(PrintDetailsPublic)&actionid=1
3,mineral-only,432070,Supernatural SPF50+ Ceramide Silk Facial Sunscreen,Regulatory Services Australia,22.75,1,zinc oxide,zinc oxide 227.5mg/g,50,True,False,https://www.tga.gov.au/resources/artg/432070,https://www.ebs.tga.gov.au/servlet/xmlmillr6?dbid=ebs/PublicHTML/pdfStore.nsf&docid=432070&agid=(PrintDetailsPublic)&actionid=1
3,mineral-only,507881,The Kind Sunscreen,The Kind Products Pty Ltd,22.75,1,zinc oxide,zinc oxide 227.5mg/g,,True,False,https://www.tga.gov.au/resources/artg/507881,https://www.ebs.tga.gov.au/servlet/xmlmillr6?dbid=ebs/PublicHTML/pdfStore.nsf&docid=507881&agid=(PrintDetailsPublic)&actionid=1
3,mineral-only,506489,Yellow Tinted Mineral Sunscreen,The Trustee for Sun and Daughter Unit Trust,22.75,1,zinc oxide,zinc oxide 227.5mg/g,,True,False,https://www.tga.gov.au/resources/artg/506489,https://www.ebs.tga.gov.au/servlet/xmlmillr6?dbid=ebs/PublicHTML/pdfStore.nsf&docid=506489&agid=(PrintDetailsPublic)&actionid=1
3,mineral-only,487549,natural sunscreen SPF50+,Itchy Baby Co Aus Pty Ltd,22.75,1,zinc oxide,zinc oxide 227.5mg/g,50,True,False,https://www.tga.gov.au/resources/artg/487549,https://www.ebs.tga.gov.au/servlet/xmlmillr6?dbid=ebs/PublicHTML/pdfStore.nsf&docid=487549&agid=(PrintDetailsPublic)&actionid=1
3,mineral-only,522027,natural zinc face sunscreen with antioxidant CoQ10,ECOdirect Pty Ltd,22.75,1,zinc oxide,zinc oxide 227.5mg/g,,True,False,https://www.tga.gov.au/resources/artg/522027,https://www.ebs.tga.gov.au/servlet/xmlmillr6?dbid=ebs/PublicHTML/pdfStore.nsf&docid=522027&agid=(PrintDetailsPublic)&actionid=1
3,mineral-only,404159,zinc sunscreen,ECOdirect Pty Ltd,22.75,1,zinc oxide,zinc oxide 227.5mg/g,,True,False,https://www.tga.gov.au/resources/artg/404159,https://www.ebs.tga.gov.au/servlet/xmlmillr6?dbid=ebs/PublicHTML/pdfStore.nsf&docid=404159&agid=(PrintDetailsPublic)&actionid=1
3,mineral-only,367813,Natural Clear Zinc Sunscreen,Ethical Zinc Pty Ltd,22.7,1,zinc oxide,zinc oxide 227.0mg/g,,True,False,https://www.tga.gov.au/resources/artg/367813,https://www.ebs.tga.gov.au/servlet/xmlmillr6?dbid=ebs/PublicHTML/pdfStore.nsf&docid=367813&agid=(PrintDetailsPublic)&actionid=1
3,mineral-only,116246,Soleo Organics Sunscreen SPF 30+,SE Operations Pty Ltd,22.35,1,zinc oxide,zinc oxide 223.5mg/g,30,True,False,https://www.tga.gov.au/resources/artg/116246,https://www.ebs.tga.gov.au/servlet/xmlmillr6?dbid=ebs/PublicHTML/pdfStore.nsf&docid=116246&agid=(PrintDetailsPublic)&actionid=1
3,mineral-only,417019,Afterglow Daily Face Sunscreen SPF50+ lotion,Bondi Glow Skincare Pty Ltd,22.1,1,zinc oxide,zinc oxide 221.0mg/g,50,True,False,https://www.tga.gov.au/resources/artg/417019,https://www.ebs.tga.gov.au/servlet/xmlmillr6?dbid=ebs/PublicHTML/pdfStore.nsf&docid=417019&agid=(PrintDetailsPublic)&actionid=1
3,mineral-only,298101,B4 Make Up Sunscreen SPF50+,Skin Mother Pty Ltd,22.0,1,zinc oxide,zinc oxide 220.0mg/g,50,True,False,https://www.tga.gov.au/resources/artg/298101,https://www.ebs.tga.gov.au/servlet/xmlmillr6?dbid=ebs/PublicHTML/pdfStore.nsf&docid=298101&agid=(PrintDetailsPublic)&actionid=1
3,mineral-only,298100,B4 Sport Sunscreen SPF50+,Skin Mother Pty Ltd,22.0,1,zinc oxide,zinc oxide 220.0mg/g,50,True,False,https://www.tga.gov.au/resources/artg/298100,https://www.ebs.tga.gov.au/servlet/xmlmillr6?dbid=ebs/PublicHTML/pdfStore.nsf&docid=298100&agid=(PrintDetailsPublic)&actionid=1
3,mineral-only,298098,B4 Swim Sunscreen SPF50+,Skin Mother Pty Ltd,22.0,1,zinc oxide,zinc oxide 220.0mg/g,50,True,False,https://www.tga.gov.au/resources/artg/298098,https://www.ebs.tga.gov.au/servlet/xmlmillr6?dbid=ebs/PublicHTML/pdfStore.nsf&docid=298098&agid=(PrintDetailsPublic)&actionid=1
3,mineral-only,298099,B4 Work Sunscreen SPF50+,Skin Mother Pty Ltd,22.0,1,zinc oxide,zinc oxide 220.0mg/g,50,True,False,https://www.tga.gov.au/resources/artg/298099,https://www.ebs.tga.gov.au/servlet/xmlmillr6?dbid=ebs/PublicHTML/pdfStore.nsf&docid=298099&agid=(PrintDetailsPublic)&actionid=1
3,mineral-only,307387,Ethical Zinc SPF50+ Clear Zinc Sunscreen,Ethical Zinc Pty Ltd,22.0,1,zinc oxide,zinc oxide 220.0mg/g,50,True,False,https://www.tga.gov.au/resources/artg/307387,https://www.ebs.tga.gov.au/servlet/xmlmillr6?dbid=ebs/PublicHTML/pdfStore.nsf&docid=307387&agid=(PrintDetailsPublic)&actionid=1
3,mineral-only,298102,Freckles Sunscreen SPF50+,Skin Mother Pty Ltd,22.0,1,zinc oxide,zinc oxide 220.0mg/g,50,True,False,https://www.tga.gov.au/resources/artg/298102,https://www.ebs.tga.gov.au/servlet/xmlmillr6?dbid=ebs/PublicHTML/pdfStore.nsf&docid=298102&agid=(PrintDetailsPublic)&actionid=1
3,mineral-only,465669,Invisible Zinc Face + Body Mineral Sunscreen SPF50,iNova Pharmaceuticals (Australia) Pty Ltd,22.0,1,zinc oxide,zinc oxide 220.0mg/g,50,True,False,https://www.tga.gov.au/resources/artg/465669,https://www.ebs.tga.gov.au/servlet/xmlmillr6?dbid=ebs/PublicHTML/pdfStore.nsf&docid=465669&agid=(PrintDetailsPublic)&actionid=1
3,mineral-only,396490,Invisible Zinc Sport Mineral Sunscreen SPF50+ 4 Hour Water Resistant,iNova Pharmaceuticals (Australia) Pty Ltd,22.0,1,zinc oxide,zinc oxide 220.0mg/g,50,True,False,https://www.tga.gov.au/resources/artg/396490,https://www.ebs.tga.gov.au/servlet/xmlmillr6?dbid=ebs/PublicHTML/pdfStore.nsf&docid=396490&agid=(PrintDetailsPublic)&actionid=1
3,mineral-only,300540,Mineral Sunscreen Lotion SPF 50,Young Living Essential Oils (Australasia) Pty Ltd,22.0,1,zinc oxide,zinc oxide 220.0mg/g,50,True,False,https://www.tga.gov.au/resources/artg/300540,https://www.ebs.tga.gov.au/servlet/xmlmillr6?dbid=ebs/PublicHTML/pdfStore.nsf&docid=300540&agid=(PrintDetailsPublic)&actionid=1
3,mineral-only,341118,Mineral Pro Sunscreen SPF 30,Eight Brook Pty Ltd,21.5,1,zinc oxide,zinc oxide 215.0mg/g,30,True,False,https://www.tga.gov.au/resources/artg/341118,https://www.ebs.tga.gov.au/servlet/xmlmillr6?dbid=ebs/PublicHTML/pdfStore.nsf&docid=341118&agid=(PrintDetailsPublic)&actionid=1
3,mineral-only,341121,Mineral Pro Sunscreen SPF 30 Tint,Eight Brook Pty Ltd,21.5,1,zinc oxide,zinc oxide 215.0mg/g,30,True,False,https://www.tga.gov.au/resources/artg/341121,https://www.ebs.tga.gov.au/servlet/xmlmillr6?dbid=ebs/PublicHTML/pdfStore.nsf&docid=341121&agid=(PrintDetailsPublic)&actionid=1
3,mineral-only,478642,Hello Sunshine Natural Sunscreen,Nourish Me Kids,21.125,1,zinc oxide,zinc oxide 211.25mg/g,,True,False,https://www.tga.gov.au/resources/artg/478642,https://www.ebs.tga.gov.au/servlet/xmlmillr6?dbid=ebs/PublicHTML/pdfStore.nsf&docid=478642&agid=(PrintDetailsPublic)&actionid=1
3,mineral-only,454306,PROPAIRA REFLEKTA PHYSICAL FLUID SUNSCREEN SPF50,Propaira Pty Ltd,20.0,1,zinc oxide,zinc oxide 200.0mg/g,50,True,False,https://www.tga.gov.au/resources/artg/454306,https://www.ebs.tga.gov.au/servlet/xmlmillr6?dbid=ebs/PublicHTML/pdfStore.nsf&docid=454306&agid=(PrintDetailsPublic)&actionid=1
3,mineral-only,310340,Soleo Organics Face Moisturising SPF30 Sunscreen,SE Operations Pty Ltd,20.0,1,zinc oxide,zinc oxide 200.0mg/g,30,True,False,https://www.tga.gov.au/resources/artg/310340,https://www.ebs.tga.gov.au/servlet/xmlmillr6?dbid=ebs/PublicHTML/pdfStore.nsf&docid=310340&agid=(PrintDetailsPublic)&actionid=1
3,mineral-only,477888,Standard Procedure Silk Mineral SPF50 Sunscreen,Concept Laboratories Pty Ltd,20.0,1,zinc oxide,zinc oxide 200.0mg/g,50,True,False,https://www.tga.gov.au/resources/artg/477888,https://www.ebs.tga.gov.au/servlet/xmlmillr6?dbid=ebs/PublicHTML/pdfStore.nsf&docid=477888&agid=(PrintDetailsPublic)&actionid=1
3,mineral-only,484741,Standard Procedure Silk Mineral SPF50 Sunscreen face lotion,Concept Laboratories Pty Ltd,20.0,1,zinc oxide,zinc oxide 200.0mg/g,50,True,False,https://www.tga.gov.au/resources/artg/484741,https://www.ebs.tga.gov.au/servlet/xmlmillr6?dbid=ebs/PublicHTML/pdfStore.nsf&docid=484741&agid=(PrintDetailsPublic)&actionid=1
3,mineral-only,519829,Grown Alchemist Natural Hydrating Sunscreen,Group Fourteen Operations Pty Ltd,19.5,1,zinc oxide,zinc oxide 195.0mg/g,,True,False,https://www.tga.gov.au/resources/artg/519829,https://www.ebs.tga.gov.au/servlet/xmlmillr6?dbid=ebs/PublicHTML/pdfStore.nsf&docid=519829&agid=(PrintDetailsPublic)&actionid=1
3,mineral-only,478638,SPF 30 Natural Body Sunscreen,AVOCADO ZINC PTY LTD,19.5,1,zinc oxide,zinc oxide 195.0mg/g,30,True,False,https://www.tga.gov.au/resources/artg/478638,https://www.ebs.tga.gov.au/servlet/xmlmillr6?dbid=ebs/PublicHTML/pdfStore.nsf&docid=478638&agid=(PrintDetailsPublic)&actionid=1
3,mineral-only,324083,The Kind Sunscreen SPF 30,The Kind Products Pty Ltd,19.5,1,zinc oxide,zinc oxide 195.0mg/g,30,True,False,https://www.tga.gov.au/resources/artg/324083,https://www.ebs.tga.gov.au/servlet/xmlmillr6?dbid=ebs/PublicHTML/pdfStore.nsf&docid=324083&agid=(PrintDetailsPublic)&actionid=1
3,mineral-only,386667,Bondi Sands Mineral Sunscreen SPF50+ Face Fluid,Bondi Sands Pty Ltd,15.0,2,titanium dioxide; zinc oxide,zinc oxide 150.0mg/g; titanium dioxide 25.0mg/g,50,True,False,https://www.tga.gov.au/resources/artg/386667,https://www.ebs.tga.gov.au/servlet/xmlmillr6?dbid=ebs/PublicHTML/pdfStore.nsf&docid=386667&agid=(PrintDetailsPublic)&actionid=1
3,mineral-only,395320,Natural Instinct Face SPF50+ Clean Tinted Fluid Sunscreen,Mentholatum Australasia Pty Ltd,15.0,2,titanium dioxide; zinc oxide,zinc oxide 150.0mg/g; titanium dioxide 25.0mg/g,50,True,False,https://www.tga.gov.au/resources/artg/395320,https://www.ebs.tga.gov.au/servlet/xmlmillr6?dbid=ebs/PublicHTML/pdfStore.nsf&docid=395320&agid=(PrintDetailsPublic)&actionid=1
3,mineral-only,398932,Mineral Sunscreen SPF 30 Fragrance Free,Ultraceuticals Pty Ltd,14.0,1,zinc oxide,zinc oxide 140.0mg/g,30,True,False,https://www.tga.gov.au/resources/artg/398932,https://www.ebs.tga.gov.au/servlet/xmlmillr6?dbid=ebs/PublicHTML/pdfStore.nsf&docid=398932&agid=(PrintDetailsPublic)&actionid=1
3,mineral-only,445118,Mineral Zinc Hydrating Body Sunscreen Lotion,Gem Care Products Pty Ltd,8.325,1,zinc oxide,zinc oxide 83.25mg/g; zinc oxide 162.5mg/g,,True,False,https://www.tga.gov.au/resources/artg/445118,https://www.ebs.tga.gov.au/servlet/xmlmillr6?dbid=ebs/PublicHTML/pdfStore.nsf&docid=445118&agid=(PrintDetailsPublic)&actionid=1
3,mineral-only,445117,Mineral Zinc Hydrating Face Sunscreen Lotion,Gem Care Products Pty Ltd,8.325,1,zinc oxide,zinc oxide 83.25mg/g; zinc oxide 162.5mg/g,,True,False,https://www.tga.gov.au/resources/artg/445117,https://www.ebs.tga.gov.au/servlet/xmlmillr6?dbid=ebs/PublicHTML/pdfStore.nsf&docid=445117&agid=(PrintDetailsPublic)&actionid=1
3,mineral-only,303796,Invisible Zinc Sport Mineral Sunscreen SPF 50+ 4 Hour Water Resistant,iNova Pharmaceuticals (Australia) Pty Ltd,7.75,1,zinc oxide,zinc oxide 77.5mg/g; zinc oxide 197.5mg/g,50,True,False,https://www.tga.gov.au/resources/artg/303796,https://www.ebs.tga.gov.au/servlet/xmlmillr6?dbid=ebs/PublicHTML/pdfStore.nsf&docid=303796&agid=(PrintDetailsPublic)&actionid=1
3,mineral-only,307141,Invisible Zinc Face and Body Mineral Sunscreen SPF 50 (New Formulation),iNova Pharmaceuticals (Australia) Pty Ltd,5.85,1,zinc oxide,zinc oxide 58.5mg/g; zinc oxide 190.0mg/g,50,True,False,https://www.tga.gov.au/resources/artg/307141,https://www.ebs.tga.gov.au/servlet/xmlmillr6?dbid=ebs/PublicHTML/pdfStore.nsf&docid=307141&agid=(PrintDetailsPublic)&actionid=1
4,baby/sensitive · chemical or hybrid,328443,Cancer_Council Kids Zinc Sunscreen SPF50+,Vitality Brands Worldwide Pty Ltd,20.0,4,bemotrizinol; methylene bis-benzotriazolyl tetramethylbutylphenol; octocrylene; zinc oxide,zinc oxide 200.0mg/g; octocrylene 60.0mg/g; bemotrizinol 25.0mg/g; methylene bis-benzotriazolyl tetramethylbutylphenol 25.0mg/g,50,False,False,https://www.tga.gov.au/resources/artg/328443,https://www.ebs.tga.gov.au/servlet/xmlmillr6?dbid=ebs/PublicHTML/pdfStore.nsf&docid=328443&agid=(PrintDetailsPublic)&actionid=1
4,baby/sensitive · chemical or hybrid,278913,CANCER_COUNCIL SENSITIVE SUNSCREEN SPF50+ (reformulation),Vitality Brands Worldwide Pty Ltd,5.0,4,4-methylbenzylidene camphor; bemotrizinol; methylene bis-benzotriazolyl tetramethylbutylphenol; zinc oxide,zinc oxide 50.0mg/g; 4-methylbenzylidene camphor 10.0mg/g; bemotrizinol 25.0mg/g; methylene bis-benzotriazolyl tetramethylbutylphenol 25.0mg/g,50,False,False,https://www.tga.gov.au/resources/artg/278913,https://www.ebs.tga.gov.au/servlet/xmlmillr6?dbid=ebs/PublicHTML/pdfStore.nsf&docid=278913&agid=(PrintDetailsPublic)&actionid=1
4,baby/sensitive · chemical or hybrid,443983,Pharmacy Health Sensitive With Zinc Sunscreen Lotion SPF50+,Ross Laboratories Aust Pty Ltd,5.0,4,4-methylbenzylidene camphor; butyl methoxydibenzoylmethane; octocrylene; zinc oxide,zinc oxide 50.0mg/g; octocrylene 100.0mg/g; 4-methylbenzylidene camphor 40.0mg/g; butyl methoxydibenzoylmethane 50.0mg/g,50,False,False,https://www.tga.gov.au/resources/artg/443983,https://www.ebs.tga.gov.au/servlet/xmlmillr6?dbid=ebs/PublicHTML/pdfStore.nsf&docid=443983&agid=(PrintDetailsPublic)&actionid=1
4,baby/sensitive · chemical or hybrid,443982,Priceline Sensitive With Zinc Sunscreen Lotion,Ross Laboratories Aust Pty Ltd,5.0,4,4-methylbenzylidene camphor; butyl methoxydibenzoylmethane; octocrylene; zinc oxide,zinc oxide 50.0mg/g; octocrylene 100.0mg/g; 4-methylbenzylidene camphor 40.0mg/g; butyl methoxydibenzoylmethane 50.0mg/g,,False,False,https://www.tga.gov.au/resources/artg/443982,https://www.ebs.tga.gov.au/servlet/xmlmillr6?dbid=ebs/PublicHTML/pdfStore.nsf&docid=443982&agid=(PrintDetailsPublic)&actionid=1
4,baby/sensitive · chemical or hybrid,196673,BANANA BOAT BABY SPF50+ ROLL ON SUNSCREEN,Edgewell Personal Care Australia Pty Ltd,,4,4-methylbenzylidene camphor; bemotrizinol; butyl methoxydibenzoylmethane; octocrylene,butyl methoxydibenzoylmethane 50.0mg/g; 4-methylbenzylidene camphor 40.0mg/g; octocrylene 20.0mg/g; bemotrizinol 10.0mg/g,50,False,False,https://www.tga.gov.au/resources/artg/196673,https://www.ebs.tga.gov.au/servlet/xmlmillr6?dbid=ebs/PublicHTML/pdfStore.nsf&docid=196673&agid=(PrintDetailsPublic)&actionid=1
4,baby/sensitive · chemical or hybrid,196672,BANANA BOAT KIDS SPF50+ ROLL ON SUNSCREEN,Edgewell Personal Care Australia Pty Ltd,,4,4-methylbenzylidene camphor; bemotrizinol; butyl methoxydibenzoylmethane; octocrylene,butyl methoxydibenzoylmethane 50.0mg/g; 4-methylbenzylidene camphor 40.0mg/g; octocrylene 20.0mg/g; bemotrizinol 10.0mg/g,50,False,False,https://www.tga.gov.au/resources/artg/196672,https://www.ebs.tga.gov.au/servlet/xmlmillr6?dbid=ebs/PublicHTML/pdfStore.nsf&docid=196672&agid=(PrintDetailsPublic)&actionid=1
4,baby/sensitive · chemical or hybrid,242874,Banana Boat Baby Very High Protection Sunscreen Lotion Spray SPF 50+,Edgewell Personal Care Australia Pty Ltd,,4,4-methylbenzylidene camphor; bemotrizinol; butyl methoxydibenzoylmethane; octocrylene,butyl methoxydibenzoylmethane 50.0mg/g; 4-methylbenzylidene camphor 40.0mg/g; octocrylene 20.0mg/g; bemotrizinol 5.0mg/g,50,False,False,https://www.tga.gov.au/resources/artg/242874,https://www.ebs.tga.gov.au/servlet/xmlmillr6?dbid=ebs/PublicHTML/pdfStore.nsf&docid=242874&agid=(PrintDetailsPublic)&actionid=1
4,baby/sensitive · chemical or hybrid,395993,Banana Boat KiDS Sunscreen Lotion SPF 50+,Edgewell Personal Care Australia Pty Ltd,,6,bemotrizinol; butyl methoxydibenzoylmethane; ethylhexyl triazone; homosalate; octocrylene; octyl salicylate,butyl methoxydibenzoylmethane 35.0mg/g; octocrylene 60.0mg/g; octyl salicylate 50.0mg/g; homosalate 80.0mg/g; ethylhexyl triazone 13.0mg/g; bemotrizinol 10.0mg/g,50,False,False,https://www.tga.gov.au/resources/artg/395993,https://www.ebs.tga.gov.au/servlet/xmlmillr6?dbid=ebs/PublicHTML/pdfStore.nsf&docid=395993&agid=(PrintDetailsPublic)&actionid=1
4,baby/sensitive · chemical or hybrid,364123,Banana Boat KiDS Very High Protection Sunscreen Spray SPF 50+,Edgewell Personal Care Australia Pty Ltd,,5,4-methylbenzylidene camphor; butyl methoxydibenzoylmethane; homosalate; octocrylene; octyl salicylate,butyl methoxydibenzoylmethane 29.8mg/g; 4-methylbenzylidene camphor 19.9mg/g; octocrylene 35.8mg/g; octyl salicylate 39.8mg/g; homosalate 79.6mg/g,50,False,False,https://www.tga.gov.au/resources/artg/364123,https://www.ebs.tga.gov.au/servlet/xmlmillr6?dbid=ebs/PublicHTML/pdfStore.nsf&docid=364123&agid=(PrintDetailsPublic)&actionid=1
4,baby/sensitive · chemical or hybrid,474845,Banana Boat Kids Smartmist Sunscreen Spray SPF50+,Edgewell Personal Care Australia Pty Ltd,,5,bemotrizinol; butyl methoxydibenzoylmethane; ethylhexyl triazone; octocrylene; octyl salicylate,octocrylene 70.0mg/g; octyl salicylate 50.0mg/g; butyl methoxydibenzoylmethane 45.0mg/g; ethylhexyl triazone 40.0mg/g; bemotrizinol 15.0mg/g,50,False,False,https://www.tga.gov.au/resources/artg/474845,https://www.ebs.tga.gov.au/servlet/xmlmillr6?dbid=ebs/PublicHTML/pdfStore.nsf&docid=474845&agid=(PrintDetailsPublic)&actionid=1
4,baby/sensitive · chemical or hybrid,529198,Banana Boat Kids Sunscreen Lotion Roll-on SPF50,Edgewell Personal Care Australia Pty Ltd,,5,bemotrizinol; butyl methoxydibenzoylmethane; ethylhexyl triazone; octocrylene; octyl salicylate,octocrylene 80.0mg/g; octyl salicylate 50.0mg/g; butyl methoxydibenzoylmethane 45.0mg/g; ethylhexyl triazone 35.0mg/g; bemotrizinol 20.0mg/g,50,False,False,https://www.tga.gov.au/resources/artg/529198,https://www.ebs.tga.gov.au/servlet/xmlmillr6?dbid=ebs/PublicHTML/pdfStore.nsf&docid=529198&agid=(PrintDetailsPublic)&actionid=1
4,baby/sensitive · chemical or hybrid,529199,Banana Boat Kids Sunscreen Lotion Spray SPF50,Edgewell Personal Care Australia Pty Ltd,,5,bemotrizinol; butyl methoxydibenzoylmethane; ethylhexyl triazone; octocrylene; octyl salicylate,octocrylene 80.0mg/g; octyl salicylate 50.0mg/g; butyl methoxydibenzoylmethane 45.0mg/g; ethylhexyl triazone 35.0mg/g; bemotrizinol 20.0mg/g,50,False,False,https://www.tga.gov.au/resources/artg/529199,https://www.ebs.tga.gov.au/servlet/xmlmillr6?dbid=ebs/PublicHTML/pdfStore.nsf&docid=529199&agid=(PrintDetailsPublic)&actionid=1
4,baby/sensitive · chemical or hybrid,242875,Banana Boat Kids Very High Protection Sunscreen Lotion Spray SPF 50+,Edgewell Personal Care Australia Pty Ltd,,4,4-methylbenzylidene camphor; bemotrizinol; butyl methoxydibenzoylmethane; octocrylene,butyl methoxydibenzoylmethane 50.0mg/g; 4-methylbenzylidene camphor 40.0mg/g; octocrylene 20.0mg/g; bemotrizinol 5.0mg/g,50,False,False,https://www.tga.gov.au/resources/artg/242875,https://www.ebs.tga.gov.au/servlet/xmlmillr6?dbid=ebs/PublicHTML/pdfStore.nsf&docid=242875&agid=(PrintDetailsPublic)&actionid=1
4,baby/sensitive · chemical or hybrid,404852,Banana Boat Sensitive Sunscreen Lotion SPF 50+,Edgewell Personal Care Australia Pty Ltd,,6,bemotrizinol; butyl methoxydibenzoylmethane; ethylhexyl triazone; homosalate; octocrylene; octyl salicylate,butyl methoxydibenzoylmethane 35.0mg/g; octocrylene 60.0mg/g; octyl salicylate 50.0mg/g; homosalate 80.0mg/g; ethylhexyl triazone 13.0mg/g; bemotrizinol 10.0mg/g,50,False,False,https://www.tga.gov.au/resources/artg/404852,https://www.ebs.tga.gov.au/servlet/xmlmillr6?dbid=ebs/PublicHTML/pdfStore.nsf&docid=404852&agid=(PrintDetailsPublic)&actionid=1
4,baby/sensitive · chemical or hybrid,307714,CCA Kids Sunscreen SPF50+,Vitality Brands Worldwide Pty Ltd,,4,4-methylbenzylidene camphor; butyl methoxydibenzoylmethane; ethylhexyl triazone; octocrylene,4-methylbenzylidene camphor 40.0mg/g; ethylhexyl triazone 30.0mg/g; butyl methoxydibenzoylmethane 30.0mg/g; octocrylene 40.0mg/g,50,False,False,https://www.tga.gov.au/resources/artg/307714,https://www.ebs.tga.gov.au/servlet/xmlmillr6?dbid=ebs/PublicHTML/pdfStore.nsf&docid=307714&agid=(PrintDetailsPublic)&actionid=1
4,baby/sensitive · chemical or hybrid,526285,Cancer_Council Kids Sunscreen Spray SPF50+,Vitality Brands Worldwide Pty Ltd,,5,bemotrizinol; butyl methoxydibenzoylmethane; ethylhexyl triazone; octocrylene; octyl salicylate,ethylhexyl triazone 35.0mg/g; octocrylene 80.0mg/g; bemotrizinol 20.0mg/g; octyl salicylate 50.0mg/g; butyl methoxydibenzoylmethane 45.0mg/g,50,False,False,https://www.tga.gov.au/resources/artg/526285,https://www.ebs.tga.gov.au/servlet/xmlmillr6?dbid=ebs/PublicHTML/pdfStore.nsf&docid=526285&agid=(PrintDetailsPublic)&actionid=1
4,baby/sensitive · chemical or hybrid,481986,Cancer_Council Sensitive Sunscreen SPF50,Vitality Brands Worldwide Pty Ltd,,5,bemotrizinol; butyl methoxydibenzoylmethane; ethylhexyl triazone; octocrylene; octyl salicylate,ethylhexyl triazone 30.0mg/g; octocrylene 80.0mg/g; bemotrizinol 10.0mg/g; octyl salicylate 50.0mg/g; butyl methoxydibenzoylmethane 45.0mg/g,50,False,False,https://www.tga.gov.au/resources/artg/481986,https://www.ebs.tga.gov.au/servlet/xmlmillr6?dbid=ebs/PublicHTML/pdfStore.nsf&docid=481986&agid=(PrintDetailsPublic)&actionid=1
4,baby/sensitive · chemical or hybrid,316654,Coles SPF50+ Kids Ultra Sunscreen,Baxter Laboratories Pty Ltd,,4,4-methylbenzylidene camphor; butyl methoxydibenzoylmethane; ethylhexyl triazone; octocrylene,butyl methoxydibenzoylmethane 30.0mg/g; ethylhexyl triazone 30.0mg/g; 4-methylbenzylidene camphor 40.0mg/g; octocrylene 40.0mg/g,50,False,False,https://www.tga.gov.au/resources/artg/316654,https://www.ebs.tga.gov.au/servlet/xmlmillr6?dbid=ebs/PublicHTML/pdfStore.nsf&docid=316654&agid=(PrintDetailsPublic)&actionid=1
4,baby/sensitive · chemical or hybrid,302534,Coles SPF50+ Sensitive Sunscreen,Baxter Laboratories Pty Ltd,,4,4-methylbenzylidene camphor; butyl methoxydibenzoylmethane; ethylhexyl triazone; octocrylene,butyl methoxydibenzoylmethane 40.0mg/g; 4-methylbenzylidene camphor 40.0mg/g; octocrylene 40.0mg/g; ethylhexyl triazone 30.0mg/g,50,False,False,https://www.tga.gov.au/resources/artg/302534,https://www.ebs.tga.gov.au/servlet/xmlmillr6?dbid=ebs/PublicHTML/pdfStore.nsf&docid=302534&agid=(PrintDetailsPublic)&actionid=1
4,baby/sensitive · chemical or hybrid,450088,Guardian Kids Sensitive Sunscreen Lotion SPF50+,Ross Laboratories Aust Pty Ltd,,3,butyl methoxydibenzoylmethane; homosalate; octocrylene,homosalate 60.0mg/g; octocrylene 80.0mg/g; butyl methoxydibenzoylmethane 30.0mg/g,50,False,False,https://www.tga.gov.au/resources/artg/450088,https://www.ebs.tga.gov.au/servlet/xmlmillr6?dbid=ebs/PublicHTML/pdfStore.nsf&docid=450088&agid=(PrintDetailsPublic)&actionid=1
4,baby/sensitive · chemical or hybrid,485232,Kids Sunscreen Lotion SPF50 Roll On,Feel Good and Co Pty Ltd,,6,bemotrizinol; butyl methoxydibenzoylmethane; disodium phenyl dibenzimidazole tetrasulfonate; ethylhexyl triazone; methylene bis-benzotriazolyl tetramethylbutylphenol; octyl salicylate,octyl salicylate 45.0mg/g; ethylhexyl triazone 30.0mg/g; disodium phenyl dibenzimidazole tetrasulfonate 26.0mg/g; bemotrizinol 25.0mg/g; butyl methoxydibenzoylmethane 20.0mg/g; methylene bis-benzotriazolyl tetramethylbutylphenol 20.0mg/g,50,False,False,https://www.tga.gov.au/resources/artg/485232,https://www.ebs.tga.gov.au/servlet/xmlmillr6?dbid=ebs/PublicHTML/pdfStore.nsf&docid=485232&agid=(PrintDetailsPublic)&actionid=1
4,baby/sensitive · chemical or hybrid,391791,Lullaby Sunscreen for Sensitive Skin SPF 50+,E&J Skincare Pty Ltd,,4,bemotrizinol; butyl methoxydibenzoylmethane; octocrylene; phenylbenzimidazole sulfonic acid,butyl methoxydibenzoylmethane 25.0mg/g; phenylbenzimidazole sulfonic acid 20.0mg/g; octocrylene 70.0mg/g; bemotrizinol 20.0mg/g,50,False,False,https://www.tga.gov.au/resources/artg/391791,https://www.ebs.tga.gov.au/servlet/xmlmillr6?dbid=ebs/PublicHTML/pdfStore.nsf&docid=391791&agid=(PrintDetailsPublic)&actionid=1
4,baby/sensitive · chemical or hybrid,399810,Natio Sun Kids Everyday Sensitive Sunscreen SPF50+,Natio Pty Ltd,,3,butyl methoxydibenzoylmethane; homosalate; octocrylene,butyl methoxydibenzoylmethane 30.0mg/g; homosalate 60.0mg/g; octocrylene 80.0mg/g,50,False,False,https://www.tga.gov.au/resources/artg/399810,https://www.ebs.tga.gov.au/servlet/xmlmillr6?dbid=ebs/PublicHTML/pdfStore.nsf&docid=399810&agid=(PrintDetailsPublic)&actionid=1
4,baby/sensitive · chemical or hybrid,383999,Natio Sun Sensitive Skin Sunscreen SPF50+,Natio Pty Ltd,,3,butyl methoxydibenzoylmethane; homosalate; octocrylene,homosalate 60.0mg/g; octocrylene 80.0mg/g; butyl methoxydibenzoylmethane 30.0mg/g,50,False,False,https://www.tga.gov.au/resources/artg/383999,https://www.ebs.tga.gov.au/servlet/xmlmillr6?dbid=ebs/PublicHTML/pdfStore.nsf&docid=383999&agid=(PrintDetailsPublic)&actionid=1
4,baby/sensitive · chemical or hybrid,418121,OXX Skincare SPF50+ Sunscreen Kids,Ross Laboratories Aust Pty Ltd,,3,butyl methoxydibenzoylmethane; homosalate; octocrylene,homosalate 60.0mg/g; octocrylene 80.0mg/g; butyl methoxydibenzoylmethane 30.0mg/g,50,False,False,https://www.tga.gov.au/resources/artg/418121,https://www.ebs.tga.gov.au/servlet/xmlmillr6?dbid=ebs/PublicHTML/pdfStore.nsf&docid=418121&agid=(PrintDetailsPublic)&actionid=1
4,baby/sensitive · chemical or hybrid,415716,OXX Skincare SPF50+ Sunscreen Sensitive,Ross Laboratories Aust Pty Ltd,,3,butyl methoxydibenzoylmethane; homosalate; octocrylene,homosalate 60.0mg/g; octocrylene 80.0mg/g; butyl methoxydibenzoylmethane 30.0mg/g,50,False,False,https://www.tga.gov.au/resources/artg/415716,https://www.ebs.tga.gov.au/servlet/xmlmillr6?dbid=ebs/PublicHTML/pdfStore.nsf&docid=415716&agid=(PrintDetailsPublic)&actionid=1
4,baby/sensitive · chemical or hybrid,225789,Pharmacy Choice Dry Touch Kids SPF50+ Sunscreen Lotion Roll On,Symbion Pty Ltd,,4,4-methylbenzylidene camphor; butyl methoxydibenzoylmethane; ethylhexyl triazone; octocrylene,butyl methoxydibenzoylmethane 40.0mg/g; 4-methylbenzylidene camphor 40.0mg/g; octocrylene 40.0mg/g; ethylhexyl triazone 30.0mg/g,50,False,False,https://www.tga.gov.au/resources/artg/225789,https://www.ebs.tga.gov.au/servlet/xmlmillr6?dbid=ebs/PublicHTML/pdfStore.nsf&docid=225789&agid=(PrintDetailsPublic)&actionid=1
4,baby/sensitive · chemical or hybrid,515548,SOLAR D SUNSCREEN KIDS SPF 50,Devcos International Pty Ltd,,4,butyl methoxydibenzoylmethane; homosalate; octocrylene; octyl salicylate,butyl methoxydibenzoylmethane 30.0mg/g; octyl salicylate 40.0mg/g; octocrylene 70.0mg/g; homosalate 60.0mg/g,50,False,False,https://www.tga.gov.au/resources/artg/515548,https://www.ebs.tga.gov.au/servlet/xmlmillr6?dbid=ebs/PublicHTML/pdfStore.nsf&docid=515548&agid=(PrintDetailsPublic)&actionid=1
4,baby/sensitive · chemical or hybrid,360740,SUN GENIUS Sensitive Skin Sunscreen Spray SPF 50+,Baxter Laboratories Pty Ltd,,4,butyl methoxydibenzoylmethane; homosalate; octocrylene; octyl salicylate,butyl methoxydibenzoylmethane 40.0mg/g; octocrylene 80.0mg/g; octyl salicylate 50.0mg/g; homosalate 100.0mg/g,50,False,False,https://www.tga.gov.au/resources/artg/360740,https://www.ebs.tga.gov.au/servlet/xmlmillr6?dbid=ebs/PublicHTML/pdfStore.nsf&docid=360740&agid=(PrintDetailsPublic)&actionid=1
4,baby/sensitive · chemical or hybrid,525004,Sensitive Face SPF50 Sunscreen Fluid,Feel Good and Co Pty Ltd,,6,bemotrizinol; butyl methoxydibenzoylmethane; disodium phenyl dibenzimidazole tetrasulfonate; ethylhexyl triazone; methylene bis-benzotriazolyl tetramethylbutylphenol; octyl salicylate,octyl salicylate 45.0mg/g; ethylhexyl triazone 30.0mg/g; disodium phenyl dibenzimidazole tetrasulfonate 26.0mg/g; bemotrizinol 25.0mg/g; butyl methoxydibenzoylmethane 20.0mg/g; methylene bis-benzotriazolyl tetramethylbutylphenol 20.0mg/g,50,False,False,https://www.tga.gov.au/resources/artg/525004,https://www.ebs.tga.gov.au/servlet/xmlmillr6?dbid=ebs/PublicHTML/pdfStore.nsf&docid=525004&agid=(PrintDetailsPublic)&actionid=1
4,baby/sensitive · chemical or hybrid,277407,Sensitive Sunscreen Lotion SPF 50+,Feel Good and Co Pty Ltd,,4,4-methylbenzylidene camphor; butyl methoxydibenzoylmethane; ethylhexyl triazone; octocrylene,octocrylene 40.0mg/g; 4-methylbenzylidene camphor 40.0mg/g; ethylhexyl triazone 30.0mg/g; butyl methoxydibenzoylmethane 40.0mg/g,50,False,False,https://www.tga.gov.au/resources/artg/277407,https://www.ebs.tga.gov.au/servlet/xmlmillr6?dbid=ebs/PublicHTML/pdfStore.nsf&docid=277407&agid=(PrintDetailsPublic)&actionid=1
4,baby/sensitive · chemical or hybrid,462682,Sensitive Whipped SPF50 Sunscreen,Sundae Body Pty Ltd,,5,bemotrizinol; butyl methoxydibenzoylmethane; ethylhexyl triazone; homosalate; octocrylene,bemotrizinol 18.0mg/g; octocrylene 54.0mg/g; ethylhexyl triazone 36.0mg/g; butyl methoxydibenzoylmethane 40.5mg/g; homosalate 90.0mg/g,50,False,False,https://www.tga.gov.au/resources/artg/462682,https://www.ebs.tga.gov.au/servlet/xmlmillr6?dbid=ebs/PublicHTML/pdfStore.nsf&docid=462682&agid=(PrintDetailsPublic)&actionid=1
4,baby/sensitive · chemical or hybrid,386677,SunGenix Sensitive Sunscreen Lotion SPF50+,Australian Natural Food and Health Pty Ltd,,4,4-methylbenzylidene camphor; butyl methoxydibenzoylmethane; ethylhexyl triazone; octocrylene,4-methylbenzylidene camphor 40.0mg/g; ethylhexyl triazone 30.0mg/g; butyl methoxydibenzoylmethane 30.0mg/g; octocrylene 40.0mg/g,50,False,False,https://www.tga.gov.au/resources/artg/386677,https://www.ebs.tga.gov.au/servlet/xmlmillr6?dbid=ebs/PublicHTML/pdfStore.nsf&docid=386677&agid=(PrintDetailsPublic)&actionid=1
4,baby/sensitive · chemical or hybrid,428618,Sunsitive ® sunscreen children spray SPF50+,Pierre Fabre Australia Pty Ltd,,4,4-methylbenzylidene camphor; butyl methoxydibenzoylmethane; ethylhexyl triazone; octocrylene,4-methylbenzylidene camphor 40.0mg/g; ethylhexyl triazone 30.0mg/g; butyl methoxydibenzoylmethane 40.0mg/g; octocrylene 40.0mg/g,50,False,False,https://www.tga.gov.au/resources/artg/428618,https://www.ebs.tga.gov.au/servlet/xmlmillr6?dbid=ebs/PublicHTML/pdfStore.nsf&docid=428618&agid=(PrintDetailsPublic)&actionid=1
4,baby/sensitive · chemical or hybrid,408656,TerryWhite Chemmart Kids Sunscreen Lotion SPF50+,PBA Wholesale Pty Ltd,,4,4-methylbenzylidene camphor; butyl methoxydibenzoylmethane; ethylhexyl triazone; octocrylene,4-methylbenzylidene camphor 40.0mg/g; ethylhexyl triazone 30.0mg/g; butyl methoxydibenzoylmethane 30.0mg/g; octocrylene 40.0mg/g,50,False,False,https://www.tga.gov.au/resources/artg/408656,https://www.ebs.tga.gov.au/servlet/xmlmillr6?dbid=ebs/PublicHTML/pdfStore.nsf&docid=408656&agid=(PrintDetailsPublic)&actionid=1
4,baby/sensitive · chemical or hybrid,350993,Woolworths Everyday SPF50+ Sunscreen Spray Sensitive,Baxter Laboratories Pty Ltd,,4,4-methylbenzylidene camphor; butyl methoxydibenzoylmethane; ethylhexyl triazone; octocrylene,ethylhexyl triazone 30.0mg/g; octocrylene 40.0mg/g; 4-methylbenzylidene camphor 40.0mg/g; butyl methoxydibenzoylmethane 30.0mg/g,50,False,False,https://www.tga.gov.au/resources/artg/350993,https://www.ebs.tga.gov.au/servlet/xmlmillr6?dbid=ebs/PublicHTML/pdfStore.nsf&docid=350993&agid=(PrintDetailsPublic)&actionid=1
4,baby/sensitive · chemical or hybrid,288153,Woolworths Kids Sunscreen SPF50+,Baxter Laboratories Pty Ltd,,4,4-methylbenzylidene camphor; butyl methoxydibenzoylmethane; ethylhexyl triazone; octocrylene,butyl methoxydibenzoylmethane 30.0mg/g; 4-methylbenzylidene camphor 40.0mg/g; ethylhexyl triazone 30.0mg/g; octocrylene 40.0mg/g,50,False,False,https://www.tga.gov.au/resources/artg/288153,https://www.ebs.tga.gov.au/servlet/xmlmillr6?dbid=ebs/PublicHTML/pdfStore.nsf&docid=288153&agid=(PrintDetailsPublic)&actionid=1
5,hybrid (mineral + chemical),450087,Guardian Zinc Stick Sunscreen SPF50+,Ross Laboratories Aust Pty Ltd,25.0,3,diethylamino hydroxybenzoyl hexyl benzoate; octyl methoxycinnamate; zinc oxide,octyl methoxycinnamate 90.0mg/g; diethylamino hydroxybenzoyl hexyl benzoate 30.0mg/g; zinc oxide 250.0mg/g,50,False,False,https://www.tga.gov.au/resources/artg/450087,https://www.ebs.tga.gov.au/servlet/xmlmillr6?dbid=ebs/PublicHTML/pdfStore.nsf&docid=450087&agid=(PrintDetailsPublic)&actionid=1
5,hybrid (mineral + chemical),421611,OXX Skincare SPF50+ Sunscreen Coloured Zinc Sticks,Ross Laboratories Aust Pty Ltd,25.0,3,diethylamino hydroxybenzoyl hexyl benzoate; octyl methoxycinnamate; zinc oxide,diethylamino hydroxybenzoyl hexyl benzoate 30.0mg/g; octyl methoxycinnamate 90.0mg/g; zinc oxide 250.0mg/g,50,False,False,https://www.tga.gov.au/resources/artg/421611,https://www.ebs.tga.gov.au/servlet/xmlmillr6?dbid=ebs/PublicHTML/pdfStore.nsf&docid=421611&agid=(PrintDetailsPublic)&actionid=1
5,hybrid (mineral + chemical),381710,Sun Zapper Extreme Zinc Sunscreen SPF 50+,Sun Zapper Sun Care Pty Ltd,20.0,4,bemotrizinol; diethylamino hydroxybenzoyl hexyl benzoate; octocrylene; zinc oxide,octocrylene 20.0mg/g; bemotrizinol 30.0mg/g; zinc oxide 200.0mg/g; diethylamino hydroxybenzoyl hexyl benzoate 40.0mg/g,50,False,False,https://www.tga.gov.au/resources/artg/381710,https://www.ebs.tga.gov.au/servlet/xmlmillr6?dbid=ebs/PublicHTML/pdfStore.nsf&docid=381710&agid=(PrintDetailsPublic)&actionid=1
5,hybrid (mineral + chemical),386999,Cancer_Council Sport Zinc Sunscreen Stick Tinted SPF50+,Vitality Brands Worldwide Pty Ltd,15.0,4,diethylamino hydroxybenzoyl hexyl benzoate; ethylhexyl triazone; octocrylene; zinc oxide,diethylamino hydroxybenzoyl hexyl benzoate 30.0mg/g; octocrylene 80.0mg/g; ethylhexyl triazone 20.0mg/g; zinc oxide 150.0mg/g,50,False,False,https://www.tga.gov.au/resources/artg/386999,https://www.ebs.tga.gov.au/servlet/xmlmillr6?dbid=ebs/PublicHTML/pdfStore.nsf&docid=386999&agid=(PrintDetailsPublic)&actionid=1
5,hybrid (mineral + chemical),386998,Cancer_Council Sport Zinc Sunscreen Stick White SPF50+ (New Formula),Vitality Brands Worldwide Pty Ltd,15.0,4,diethylamino hydroxybenzoyl hexyl benzoate; ethylhexyl triazone; octocrylene; zinc oxide,diethylamino hydroxybenzoyl hexyl benzoate 30.0mg/g; octocrylene 80.0mg/g; ethylhexyl triazone 20.0mg/g; zinc oxide 150.0mg/g,50,False,False,https://www.tga.gov.au/resources/artg/386998,https://www.ebs.tga.gov.au/servlet/xmlmillr6?dbid=ebs/PublicHTML/pdfStore.nsf&docid=386998&agid=(PrintDetailsPublic)&actionid=1
5,hybrid (mineral + chemical),450089,Guardian Zinc Stick Sunscreen SPF50+,Ross Laboratories Aust Pty Ltd,15.0,4,diethylamino hydroxybenzoyl hexyl benzoate; ethylhexyl triazone; octocrylene; zinc oxide,diethylamino hydroxybenzoyl hexyl benzoate 30.0mg/g; ethylhexyl triazone 20.0mg/g; octocrylene 80.0mg/g; zinc oxide 150.0mg/g,50,False,False,https://www.tga.gov.au/resources/artg/450089,https://www.ebs.tga.gov.au/servlet/xmlmillr6?dbid=ebs/PublicHTML/pdfStore.nsf&docid=450089&agid=(PrintDetailsPublic)&actionid=1
5,hybrid (mineral + chemical),427643,OXX Skincare SPF50+ Sport Sunscreen with Zinc,Ross Laboratories Aust Pty Ltd,5.0,4,4-methylbenzylidene camphor; butyl methoxydibenzoylmethane; octocrylene; zinc oxide,zinc oxide 50.0mg/g; octocrylene 100.0mg/g; 4-methylbenzylidene camphor 40.0mg/g; butyl methoxydibenzoylmethane 50.0mg/g,50,False,False,https://www.tga.gov.au/resources/artg/427643,https://www.ebs.tga.gov.au/servlet/xmlmillr6?dbid=ebs/PublicHTML/pdfStore.nsf&docid=427643&agid=(PrintDetailsPublic)&actionid=1
5,hybrid (mineral + chemical),464655,CONQUER GEL SUNSCREEN,The Weringa Group Pty Ltd,2.5,4,bemotrizinol; diethylamino hydroxybenzoyl hexyl benzoate; isoamyl methoxycinnamate; zinc oxide,diethylamino hydroxybenzoyl hexyl benzoate 50.0mg/g; bemotrizinol 50.0mg/g; isoamyl methoxycinnamate 50.0mg/g; zinc oxide 25.0mg/g,,False,False,https://www.tga.gov.au/resources/artg/464655,https://www.ebs.tga.gov.au/servlet/xmlmillr6?dbid=ebs/PublicHTML/pdfStore.nsf&docid=464655&agid=(PrintDetailsPublic)&actionid=1
5,hybrid (mineral + chemical),464502,LA ROCHE POSAY LABORATOIRE DERMATOLOGIQUE ANTHELIOS KA+ SUNSCREEN SPF50+,L'Oreal Australia Pty Ltd,,7,bemotrizinol; butyl methoxydibenzoylmethane; drometrizole trisiloxane; ecamsule; ethylhexyl triazone; octyl salicylate; titanium dioxide,bemotrizinol 45.0mg/g; butyl methoxydibenzoylmethane 40.0mg/g; drometrizole trisiloxane 5.0mg/g; ethylhexyl triazone 45.0mg/g; titanium dioxide 41.0mg/g; octyl salicylate 45.0mg/g; ecamsule 9.9mg/g,50,False,False,https://www.tga.gov.au/resources/artg/464502,https://www.ebs.tga.gov.au/servlet/xmlmillr6?dbid=ebs/PublicHTML/pdfStore.nsf&docid=464502&agid=(PrintDetailsPublic)&actionid=1
5,hybrid (mineral + chemical),132417,SUN- STOP BROAD SPECTRUM SPF30+ SUNSCREEN,UAS Pharmaceuticals Pty Ltd,,3,octyl methoxycinnamate; oxybenzone; zinc oxide,octyl methoxycinnamate 75.0mg/mL; zinc oxide 70.0mg/mL; oxybenzone 30.0mg/mL,30,False,False,https://www.tga.gov.au/resources/artg/132417,https://www.ebs.tga.gov.au/servlet/xmlmillr6?dbid=ebs/PublicHTML/pdfStore.nsf&docid=132417&agid=(PrintDetailsPublic)&actionid=1
5,hybrid (mineral + chemical),488285,Sun Motion SPF50+ Sports Sunscreen,Sun Motion,,5,bemotrizinol; butyl methoxydibenzoylmethane; octocrylene; phenylbenzimidazole sulfonic acid; titanium dioxide,octocrylene 80.0mg/g; butyl methoxydibenzoylmethane 30.0mg/g; bemotrizinol 20.0mg/g; phenylbenzimidazole sulfonic acid 20.0mg/g; titanium dioxide 24.9mg/g,50,False,False,https://www.tga.gov.au/resources/artg/488285,https://www.ebs.tga.gov.au/servlet/xmlmillr6?dbid=ebs/PublicHTML/pdfStore.nsf&docid=488285&agid=(PrintDetailsPublic)&actionid=1
5,hybrid (mineral + chemical),399173,Sunstop SPF30 Sunscreen,UAS Pharmaceuticals Pty Ltd,,3,octyl methoxycinnamate; oxybenzone; zinc oxide,octyl methoxycinnamate 75.0mg/mL; oxybenzone 30.0mg/mL; zinc oxide 70.0mg/mL,30,False,False,https://www.tga.gov.au/resources/artg/399173,https://www.ebs.tga.gov.au/servlet/xmlmillr6?dbid=ebs/PublicHTML/pdfStore.nsf&docid=399173&agid=(PrintDetailsPublic)&actionid=1
6,chemical-only,488588,3 IN 1 SUNSCREEN SETTING SPRAY & HYDRATION MIST,The Quick Flick Pty Ltd,,4,butyl methoxydibenzoylmethane; homosalate; octocrylene; octyl salicylate,butyl methoxydibenzoylmethane 30.0mg/g; octocrylene 80.0mg/g; homosalate 100.0mg/g; octyl salicylate 50.0mg/g,,False,False,https://www.tga.gov.au/resources/artg/488588,https://www.ebs.tga.gov.au/servlet/xmlmillr6?dbid=ebs/PublicHTML/pdfStore.nsf&docid=488588&agid=(PrintDetailsPublic)&actionid=1
6,chemical-only,464652,ALL ROUNDER GEL SUNSCREEN,The Weringa Group Pty Ltd,,4,bemotrizinol; diethylamino hydroxybenzoyl hexyl benzoate; ethylhexyl triazone; isoamyl methoxycinnamate,diethylamino hydroxybenzoyl hexyl benzoate 60.0mg/g; bemotrizinol 50.0mg/g; isoamyl methoxycinnamate 40.0mg/g; ethylhexyl triazone 50.0mg/g,,False,False,https://www.tga.gov.au/resources/artg/464652,https://www.ebs.tga.gov.au/servlet/xmlmillr6?dbid=ebs/PublicHTML/pdfStore.nsf&docid=464652&agid=(PrintDetailsPublic)&actionid=1
6,chemical-only,513051,ANTHELIOS UVAIR SERUM SUNSCREEN,L'Oreal Australia Pty Ltd,,4,bemotrizinol; butyl methoxydibenzoylmethane; diethylamino hydroxybenzoyl hexyl benzoate; ethylhexyl triazone,bemotrizinol 42.0mg/g; ethylhexyl triazone 42.0mg/g; butyl methoxydibenzoylmethane 41.0mg/g; diethylamino hydroxybenzoyl hexyl benzoate 10.0mg/g,,False,False,https://www.tga.gov.au/resources/artg/513051,https://www.ebs.tga.gov.au/servlet/xmlmillr6?dbid=ebs/PublicHTML/pdfStore.nsf&docid=513051&agid=(PrintDetailsPublic)&actionid=1
6,chemical-only,513050,ANTHELIOS UVAIR SERUM SUNSCREEN LIGHT,L'Oreal Australia Pty Ltd,,4,bemotrizinol; butyl methoxydibenzoylmethane; diethylamino hydroxybenzoyl hexyl benzoate; ethylhexyl triazone,butyl methoxydibenzoylmethane 41.0mg/g; bemotrizinol 42.0mg/g; ethylhexyl triazone 42.0mg/g; diethylamino hydroxybenzoyl hexyl benzoate 10.0mg/g,,False,False,https://www.tga.gov.au/resources/artg/513050,https://www.ebs.tga.gov.au/servlet/xmlmillr6?dbid=ebs/PublicHTML/pdfStore.nsf&docid=513050&agid=(PrintDetailsPublic)&actionid=1
6,chemical-only,513049,ANTHELIOS UVAIR SERUM SUNSCREEN MEDIUM,L'Oreal Australia Pty Ltd,,4,bemotrizinol; butyl methoxydibenzoylmethane; diethylamino hydroxybenzoyl hexyl benzoate; ethylhexyl triazone,butyl methoxydibenzoylmethane 41.0mg/g; bemotrizinol 42.0mg/g; ethylhexyl triazone 42.0mg/g; diethylamino hydroxybenzoyl hexyl benzoate 10.0mg/g,,False,False,https://www.tga.gov.au/resources/artg/513049,https://www.ebs.tga.gov.au/servlet/xmlmillr6?dbid=ebs/PublicHTML/pdfStore.nsf&docid=513049&agid=(PrintDetailsPublic)&actionid=1
6,chemical-only,300899,ANTHELIOS wet skin sunscreen SPF50+,L'Oreal Australia Pty Ltd,,6,bemotrizinol; butyl methoxydibenzoylmethane; drometrizole trisiloxane; ethylhexyl triazone; homosalate; octyl salicylate,bemotrizinol 45.0mg/g; butyl methoxydibenzoylmethane 35.0mg/g; ethylhexyl triazone 45.0mg/g; homosalate 100.0mg/g; drometrizole trisiloxane 50.0mg/g; octyl salicylate 50.0mg/g,50,False,False,https://www.tga.gov.au/resources/artg/300899,https://www.ebs.tga.gov.au/servlet/xmlmillr6?dbid=ebs/PublicHTML/pdfStore.nsf&docid=300899&agid=(PrintDetailsPublic)&actionid=1
6,chemical-only,530201,AUMAXIA SPF50+ HYDRATING SUNSCREEN,Propaira Pty Ltd,,4,bemotrizinol; diethylamino hydroxybenzoyl hexyl benzoate; octyl methoxycinnamate; octyl salicylate,octyl methoxycinnamate 90.0mg/g; octyl salicylate 50.0mg/g; bemotrizinol 30.0mg/g; diethylamino hydroxybenzoyl hexyl benzoate 70.0mg/g; bemotrizinol 2.5062mg/g,50,False,False,https://www.tga.gov.au/resources/artg/530201,https://www.ebs.tga.gov.au/servlet/xmlmillr6?dbid=ebs/PublicHTML/pdfStore.nsf&docid=530201&agid=(PrintDetailsPublic)&actionid=1
6,chemical-only,228522,Aesop Avail Body Lotion with Sunscreen,Emeis Cosmetics Pty Ltd,,4,butyl methoxydibenzoylmethane; homosalate; octocrylene; octyl salicylate,butyl methoxydibenzoylmethane 30.0mg/g; octocrylene 80.0mg/g; octyl salicylate 50.0mg/g; homosalate 100.0mg/g,,False,False,https://www.tga.gov.au/resources/artg/228522,https://www.ebs.tga.gov.au/servlet/xmlmillr6?dbid=ebs/PublicHTML/pdfStore.nsf&docid=228522&agid=(PrintDetailsPublic)&actionid=1
6,chemical-only,356752,Aesthetics Rx Face & Body Sunscreen,AESTHETICS SKINCARE PTY LTD,,4,butyl methoxydibenzoylmethane; homosalate; octocrylene; octyl salicylate,octocrylene 70.0mg/g; homosalate 60.0mg/g; octyl salicylate 40.0mg/g; butyl methoxydibenzoylmethane 30.0mg/g,,False,False,https://www.tga.gov.au/resources/artg/356752,https://www.ebs.tga.gov.au/servlet/xmlmillr6?dbid=ebs/PublicHTML/pdfStore.nsf&docid=356752&agid=(PrintDetailsPublic)&actionid=1
6,chemical-only,203751,Allmedic 50+ SPF Face & Body Moisturising Sunscreen,Allmedic Pty Ltd,,6,bemotrizinol; diethylamino hydroxybenzoyl hexyl benzoate; ethylhexyl triazone; methylene bis-benzotriazolyl tetramethylbutylphenol; octyl methoxycinnamate; phenylbenzimidazole sulfonic acid,diethylamino hydroxybenzoyl hexyl benzoate 50.0mg/g; ethylhexyl triazone 20.0mg/g; octyl methoxycinnamate 50.0mg/g; bemotrizinol 50.0mg/g; phenylbenzimidazole sulfonic acid 10.0mg/g; methylene bis-benzotriazolyl tetramethylbutylphenol 60.0mg/g,,False,False,https://www.tga.gov.au/resources/artg/203751,https://www.ebs.tga.gov.au/servlet/xmlmillr6?dbid=ebs/PublicHTML/pdfStore.nsf&docid=203751&agid=(PrintDetailsPublic)&actionid=1
6,chemical-only,395679,Antioxidant Body Sunscreen Creme SPF 50,Naked Sundays,,4,butyl methoxydibenzoylmethane; homosalate; octocrylene; octyl salicylate,octocrylene 100.0mg/g; homosalate 100.0mg/g; octyl salicylate 50.0mg/g; butyl methoxydibenzoylmethane 30.0mg/g,50,False,False,https://www.tga.gov.au/resources/artg/395679,https://www.ebs.tga.gov.au/servlet/xmlmillr6?dbid=ebs/PublicHTML/pdfStore.nsf&docid=395679&agid=(PrintDetailsPublic)&actionid=1
6,chemical-only,302687,Auscreen Ultra Protect SPF50+ Sunscreen,Paul Duval Pty Ltd,,3,butyl methoxydibenzoylmethane; homosalate; octocrylene,butyl methoxydibenzoylmethane 30.0mg/g; octocrylene 80.0mg/g; homosalate 60.0mg/g,50,False,False,https://www.tga.gov.au/resources/artg/302687,https://www.ebs.tga.gov.au/servlet/xmlmillr6?dbid=ebs/PublicHTML/pdfStore.nsf&docid=302687&agid=(PrintDetailsPublic)&actionid=1
6,chemical-only,445934,BADDIE SUNSCREEN SPF50+,Baddest Bod Pty Ltd,,5,bemotrizinol; diethylamino hydroxybenzoyl hexyl benzoate; ethylhexyl triazone; octyl salicylate; tris-biphenyl triazine,octyl salicylate 50.0mg/g; diethylamino hydroxybenzoyl hexyl benzoate 40.0mg/g; ethylhexyl triazone 30.0mg/g; bemotrizinol 20.0mg/g; tris-biphenyl triazine 17.0mg/g,50,False,False,https://www.tga.gov.au/resources/artg/445934,https://www.ebs.tga.gov.au/servlet/xmlmillr6?dbid=ebs/PublicHTML/pdfStore.nsf&docid=445934&agid=(PrintDetailsPublic)&actionid=1
6,chemical-only,409066,BONDI SANDS DAILY MOISTURISING FACE SPF 50+ FRAGRANCE FREE TINTED SUNSCREEN FLUID,Bondi Sands Pty Ltd,,6,bemotrizinol; butyl methoxydibenzoylmethane; diethylamino hydroxybenzoyl hexyl benzoate; homosalate; methylene bis-benzotriazolyl tetramethylbutylphenol; octocrylene,homosalate 100.0mg/g; bemotrizinol 20.0mg/g; octocrylene 60.0mg/g; butyl methoxydibenzoylmethane 50.0mg/g; diethylamino hydroxybenzoyl hexyl benzoate 20.0mg/g; methylene bis-benzotriazolyl tetramethylbutylphenol 30.0mg/g,50,False,False,https://www.tga.gov.au/resources/artg/409066,https://www.ebs.tga.gov.au/servlet/xmlmillr6?dbid=ebs/PublicHTML/pdfStore.nsf&docid=409066&agid=(PrintDetailsPublic)&actionid=1
6,chemical-only,426451,BONDI SANDS FACE SPF 50+ FRAGRANCE FREE TINTED MATTE SUNSCREEN LOTION,Bondi Sands Pty Ltd,,6,bemotrizinol; butyl methoxydibenzoylmethane; ethylhexyl triazone; homosalate; octocrylene; octyl salicylate,homosalate 73.0mg/g; butyl methoxydibenzoylmethane 35.0mg/g; octocrylene 60.0mg/g; bemotrizinol 10.0mg/g; octyl salicylate 50.0mg/g; ethylhexyl triazone 13.0mg/g,50,False,False,https://www.tga.gov.au/resources/artg/426451,https://www.ebs.tga.gov.au/servlet/xmlmillr6?dbid=ebs/PublicHTML/pdfStore.nsf&docid=426451&agid=(PrintDetailsPublic)&actionid=1
6,chemical-only,397590,BONDI SANDS FACE SPF50+ TINTED MATTE SUNSCREEN LOTION,Bondi Sands Pty Ltd,,6,bemotrizinol; butyl methoxydibenzoylmethane; ethylhexyl triazone; homosalate; octocrylene; octyl salicylate,bemotrizinol 10.0mg/g; butyl methoxydibenzoylmethane 35.0mg/g; octocrylene 60.0mg/g; homosalate 73.0mg/g; octyl salicylate 50.0mg/g; ethylhexyl triazone 13.0mg/g,50,False,False,https://www.tga.gov.au/resources/artg/397590,https://www.ebs.tga.gov.au/servlet/xmlmillr6?dbid=ebs/PublicHTML/pdfStore.nsf&docid=397590&agid=(PrintDetailsPublic)&actionid=1
6,chemical-only,376794,BONDI SANDS SPF15 COCONUT BEACH SUNSCREEN OIL (new formulation),Bondi Sands Pty Ltd,,4,butyl methoxydibenzoylmethane; homosalate; octocrylene; octyl salicylate,butyl methoxydibenzoylmethane 30.0mg/g; octocrylene 100.0mg/g; octyl salicylate 50.0mg/g; homosalate 80.0mg/g,15,False,False,https://www.tga.gov.au/resources/artg/376794,https://www.ebs.tga.gov.au/servlet/xmlmillr6?dbid=ebs/PublicHTML/pdfStore.nsf&docid=376794&agid=(PrintDetailsPublic)&actionid=1
6,chemical-only,290124,BONDI SANDS SPF15 COCONUT BEACH SUNSCREEN OIL (spray),Bondi Sands Pty Ltd,,4,butyl methoxydibenzoylmethane; ethylhexyl triazone; octocrylene; octyl salicylate,butyl methoxydibenzoylmethane 17.0mg/g; octocrylene 50.0mg/g; octyl salicylate 50.0mg/g; ethylhexyl triazone 17.0mg/g,15,False,False,https://www.tga.gov.au/resources/artg/290124,https://www.ebs.tga.gov.au/servlet/xmlmillr6?dbid=ebs/PublicHTML/pdfStore.nsf&docid=290124&agid=(PrintDetailsPublic)&actionid=1
6,chemical-only,295488,BONDI SANDS SPF30 COCONUT BEACH SUNSCREEN LOTION (2),Bondi Sands Pty Ltd,,5,butyl methoxydibenzoylmethane; homosalate; methylene bis-benzotriazolyl tetramethylbutylphenol; octocrylene; octyl salicylate,butyl methoxydibenzoylmethane 25.0mg/g; octocrylene 30.0mg/g; octyl salicylate 50.0mg/g; homosalate 50.0mg/g; methylene bis-benzotriazolyl tetramethylbutylphenol 7.5mg/g,30,False,False,https://www.tga.gov.au/resources/artg/295488,https://www.ebs.tga.gov.au/servlet/xmlmillr6?dbid=ebs/PublicHTML/pdfStore.nsf&docid=295488&agid=(PrintDetailsPublic)&actionid=1
6,chemical-only,290665,BONDI SANDS SPF30 COCONUT BEACH SUNSCREEN LOTION (spray),Bondi Sands Pty Ltd,,5,butyl methoxydibenzoylmethane; homosalate; methylene bis-benzotriazolyl tetramethylbutylphenol; octocrylene; octyl salicylate,butyl methoxydibenzoylmethane 25.0mg/g; octocrylene 30.0mg/g; octyl salicylate 50.0mg/g; homosalate 50.0mg/g; methylene bis-benzotriazolyl tetramethylbutylphenol 7.5mg/g,30,False,False,https://www.tga.gov.au/resources/artg/290665,https://www.ebs.tga.gov.au/servlet/xmlmillr6?dbid=ebs/PublicHTML/pdfStore.nsf&docid=290665&agid=(PrintDetailsPublic)&actionid=1
6,chemical-only,354357,BONDI SANDS SPF30 COCONUT BEACH SUNSCREEN LOTION (spray),Bondi Sands Pty Ltd,,5,butyl methoxydibenzoylmethane; homosalate; methylene bis-benzotriazolyl tetramethylbutylphenol; octocrylene; octyl salicylate,butyl methoxydibenzoylmethane 25.0mg/g; octocrylene 30.0mg/g; octyl salicylate 50.0mg/g; homosalate 50.0mg/g; methylene bis-benzotriazolyl tetramethylbutylphenol 7.5mg/g,30,False,False,https://www.tga.gov.au/resources/artg/354357,https://www.ebs.tga.gov.au/servlet/xmlmillr6?dbid=ebs/PublicHTML/pdfStore.nsf&docid=354357&agid=(PrintDetailsPublic)&actionid=1
6,chemical-only,378492,BONDI SANDS SPF30 COCONUT BEACH SUNSCREEN OIL (new formulation),Bondi Sands Pty Ltd,,4,butyl methoxydibenzoylmethane; homosalate; octocrylene; octyl salicylate,butyl methoxydibenzoylmethane 30.0mg/g; octocrylene 100.0mg/g; octyl salicylate 50.0mg/g; homosalate 150.0mg/g,30,False,False,https://www.tga.gov.au/resources/artg/378492,https://www.ebs.tga.gov.au/servlet/xmlmillr6?dbid=ebs/PublicHTML/pdfStore.nsf&docid=378492&agid=(PrintDetailsPublic)&actionid=1
6,chemical-only,381211,BONDI SANDS SPF30 COCONUT BEACH SUNSCREEN OIL (reformulation),Bondi Sands Pty Ltd,,5,butyl methoxydibenzoylmethane; ethylhexyl triazone; homosalate; octocrylene; octyl salicylate,butyl methoxydibenzoylmethane 30.0mg/g; octocrylene 100.0mg/g; octyl salicylate 50.0mg/g; homosalate 100.0mg/g; ethylhexyl triazone 15.0mg/g,30,False,False,https://www.tga.gov.au/resources/artg/381211,https://www.ebs.tga.gov.au/servlet/xmlmillr6?dbid=ebs/PublicHTML/pdfStore.nsf&docid=381211&agid=(PrintDetailsPublic)&actionid=1
6,chemical-only,290122,BONDI SANDS SPF30 COCONUT BEACH SUNSCREEN OIL (spray),Bondi Sands Pty Ltd,,4,butyl methoxydibenzoylmethane; ethylhexyl triazone; octocrylene; octyl salicylate,butyl methoxydibenzoylmethane 32.0mg/g; octocrylene 80.0mg/g; octyl salicylate 50.0mg/g; ethylhexyl triazone 22.0mg/g,30,False,False,https://www.tga.gov.au/resources/artg/290122,https://www.ebs.tga.gov.au/servlet/xmlmillr6?dbid=ebs/PublicHTML/pdfStore.nsf&docid=290122&agid=(PrintDetailsPublic)&actionid=1
6,chemical-only,348874,BONDI SANDS SPF30 FRAGRANCE FREE SUNSCREEN SPRAY,Bondi Sands Pty Ltd,,4,butyl methoxydibenzoylmethane; homosalate; octocrylene; octyl salicylate,butyl methoxydibenzoylmethane 18.0mg/g; octocrylene 48.0mg/g; octyl salicylate 30.0mg/g; homosalate 60.0mg/g,30,False,False,https://www.tga.gov.au/resources/artg/348874,https://www.ebs.tga.gov.au/servlet/xmlmillr6?dbid=ebs/PublicHTML/pdfStore.nsf&docid=348874&agid=(PrintDetailsPublic)&actionid=1
6,chemical-only,354250,BONDI SANDS SPF30 FRAGRANCE FREE SUNSCREEN SPRAY (UK),Bondi Sands Pty Ltd,,5,bemotrizinol; butyl methoxydibenzoylmethane; homosalate; octocrylene; octyl salicylate,butyl methoxydibenzoylmethane 30.0mg/g; octocrylene 30.0mg/g; octyl salicylate 30.0mg/g; homosalate 60.0mg/g; bemotrizinol 0.9mg/g,30,False,False,https://www.tga.gov.au/resources/artg/354250,https://www.ebs.tga.gov.au/servlet/xmlmillr6?dbid=ebs/PublicHTML/pdfStore.nsf&docid=354250&agid=(PrintDetailsPublic)&actionid=1
6,chemical-only,348873,BONDI SANDS SPF50 FRAGRANCE FREE SUNSCREEN SPRAY,Bondi Sands Pty Ltd,,4,butyl methoxydibenzoylmethane; homosalate; octocrylene; octyl salicylate,butyl methoxydibenzoylmethane 18.0mg/g; octocrylene 60.0mg/g; octyl salicylate 30.0mg/g; homosalate 90.0mg/g,50,False,False,https://www.tga.gov.au/resources/artg/348873,https://www.ebs.tga.gov.au/servlet/xmlmillr6?dbid=ebs/PublicHTML/pdfStore.nsf&docid=348873&agid=(PrintDetailsPublic)&actionid=1
6,chemical-only,289337,BONDI SANDS SPF50+ COCONUT BEACH SUNSCREEN LOTION,Bondi Sands Pty Ltd,,5,butyl methoxydibenzoylmethane; homosalate; methylene bis-benzotriazolyl tetramethylbutylphenol; octocrylene; octyl salicylate,butyl methoxydibenzoylmethane 35.0mg/g; octocrylene 50.0mg/g; octyl salicylate 50.0mg/g; homosalate 100.0mg/g; methylene bis-benzotriazolyl tetramethylbutylphenol 15.0mg/g,50,False,False,https://www.tga.gov.au/resources/artg/289337,https://www.ebs.tga.gov.au/servlet/xmlmillr6?dbid=ebs/PublicHTML/pdfStore.nsf&docid=289337&agid=(PrintDetailsPublic)&actionid=1
6,chemical-only,354358,BONDI SANDS SPF50+ COCONUT BEACH SUNSCREEN LOTION,Bondi Sands Pty Ltd,,5,butyl methoxydibenzoylmethane; homosalate; methylene bis-benzotriazolyl tetramethylbutylphenol; octocrylene; octyl salicylate,butyl methoxydibenzoylmethane 35.0mg/g; octocrylene 50.0mg/g; octyl salicylate 50.0mg/g; homosalate 100.0mg/g; methylene bis-benzotriazolyl tetramethylbutylphenol 15.0mg/g,50,False,False,https://www.tga.gov.au/resources/artg/354358,https://www.ebs.tga.gov.au/servlet/xmlmillr6?dbid=ebs/PublicHTML/pdfStore.nsf&docid=354358&agid=(PrintDetailsPublic)&actionid=1
6,chemical-only,395910,BONDI SANDS SPORT SPF50 SUNSCREEN LOTION,Bondi Sands Pty Ltd,,4,butyl methoxydibenzoylmethane; homosalate; octocrylene; octyl salicylate,octyl salicylate 50.0mg/g; octocrylene 100.0mg/g; butyl methoxydibenzoylmethane 30.0mg/g; homosalate 150.0mg/g,50,False,False,https://www.tga.gov.au/resources/artg/395910,https://www.ebs.tga.gov.au/servlet/xmlmillr6?dbid=ebs/PublicHTML/pdfStore.nsf&docid=395910&agid=(PrintDetailsPublic)&actionid=1
6,chemical-only,373790,BONDI SANDS SPORT SPF50 SUNSCREEN SPRAY,Bondi Sands Pty Ltd,,4,butyl methoxydibenzoylmethane; homosalate; octocrylene; octyl salicylate,butyl methoxydibenzoylmethane 18.0mg/g; octocrylene 60.0mg/g; octyl salicylate 30.0mg/g; homosalate 90.0mg/g,50,False,False,https://www.tga.gov.au/resources/artg/373790,https://www.ebs.tga.gov.au/servlet/xmlmillr6?dbid=ebs/PublicHTML/pdfStore.nsf&docid=373790&agid=(PrintDetailsPublic)&actionid=1
6,chemical-only,387331,Banana Boat Dry Balance Sunscreen Lotion SPF50+,Edgewell Personal Care Australia Pty Ltd,,6,bemotrizinol; butyl methoxydibenzoylmethane; ethylhexyl triazone; homosalate; octocrylene; octyl salicylate,octocrylene 60.0mg/g; homosalate 80.0mg/g; octyl salicylate 50.0mg/g; butyl methoxydibenzoylmethane 35.0mg/g; ethylhexyl triazone 13.0mg/g; bemotrizinol 10.0mg/g,50,False,False,https://www.tga.gov.au/resources/artg/387331,https://www.ebs.tga.gov.au/servlet/xmlmillr6?dbid=ebs/PublicHTML/pdfStore.nsf&docid=387331&agid=(PrintDetailsPublic)&actionid=1
6,chemical-only,366376,Banana Boat Dry Balance Very High Protection Clear Sunscreen Spray SPF 50+,Edgewell Personal Care Australia Pty Ltd,,5,4-methylbenzylidene camphor; butyl methoxydibenzoylmethane; homosalate; octocrylene; octyl salicylate,butyl methoxydibenzoylmethane 29.8mg/g; 4-methylbenzylidene camphor 19.9mg/g; octocrylene 35.8mg/g; octyl salicylate 39.8mg/g; homosalate 79.6mg/g,50,False,False,https://www.tga.gov.au/resources/artg/366376,https://www.ebs.tga.gov.au/servlet/xmlmillr6?dbid=ebs/PublicHTML/pdfStore.nsf&docid=366376&agid=(PrintDetailsPublic)&actionid=1
6,chemical-only,474846,Banana Boat Mattifying Face Sunscreen Lotion SPF50+,Edgewell Personal Care Australia Pty Ltd,,6,bemotrizinol; butyl methoxydibenzoylmethane; ethylhexyl triazone; methylene bis-benzotriazolyl tetramethylbutylphenol; octocrylene; octyl salicylate,octocrylene 80.0mg/g; octyl salicylate 50.0mg/g; butyl methoxydibenzoylmethane 50.0mg/g; ethylhexyl triazone 40.0mg/g; bemotrizinol 10.0mg/g; methylene bis-benzotriazolyl tetramethylbutylphenol 20.0mg/g,50,False,False,https://www.tga.gov.au/resources/artg/474846,https://www.ebs.tga.gov.au/servlet/xmlmillr6?dbid=ebs/PublicHTML/pdfStore.nsf&docid=474846&agid=(PrintDetailsPublic)&actionid=1
6,chemical-only,443822,Banana Boat Moisturising Face Sunscreen Lotion SPF 50+,Edgewell Personal Care Australia Pty Ltd,,6,bemotrizinol; butyl methoxydibenzoylmethane; ethylhexyl triazone; homosalate; methylene bis-benzotriazolyl tetramethylbutylphenol; octocrylene,butyl methoxydibenzoylmethane 50.0mg/g; ethylhexyl triazone 40.0mg/g; octocrylene 60.0mg/g; bemotrizinol 10.0mg/g; homosalate 80.0mg/g; methylene bis-benzotriazolyl tetramethylbutylphenol 20.0mg/g,50,False,False,https://www.tga.gov.au/resources/artg/443822,https://www.ebs.tga.gov.au/servlet/xmlmillr6?dbid=ebs/PublicHTML/pdfStore.nsf&docid=443822&agid=(PrintDetailsPublic)&actionid=1
6,chemical-only,443354,Banana Boat Moisturising Sunscreen Lotion SPF 50+,Edgewell Personal Care Australia Pty Ltd,,6,bemotrizinol; butyl methoxydibenzoylmethane; ethylhexyl triazone; homosalate; octocrylene; octyl salicylate,butyl methoxydibenzoylmethane 35.0mg/g; octyl salicylate 50.0mg/g; ethylhexyl triazone 13.0mg/g; octocrylene 60.0mg/g; bemotrizinol 10.0mg/g; homosalate 80.0mg/g,50,False,False,https://www.tga.gov.au/resources/artg/443354,https://www.ebs.tga.gov.au/servlet/xmlmillr6?dbid=ebs/PublicHTML/pdfStore.nsf&docid=443354&agid=(PrintDetailsPublic)&actionid=1
6,chemical-only,524556,Banana Boat Sport Coolzone Sunscreen Lotion Spray,Edgewell Personal Care Australia Pty Ltd,,5,bemotrizinol; butyl methoxydibenzoylmethane; ethylhexyl triazone; octocrylene; octyl salicylate,octocrylene 80.0mg/g; octyl salicylate 50.0mg/g; butyl methoxydibenzoylmethane 45.0mg/g; ethylhexyl triazone 35.0mg/g; bemotrizinol 20.0mg/g,,False,False,https://www.tga.gov.au/resources/artg/524556,https://www.ebs.tga.gov.au/servlet/xmlmillr6?dbid=ebs/PublicHTML/pdfStore.nsf&docid=524556&agid=(PrintDetailsPublic)&actionid=1
6,chemical-only,530062,Banana Boat Sport Coolzone Sunscreen Lotion Spray,Edgewell Personal Care Australia Pty Ltd,,5,bemotrizinol; butyl methoxydibenzoylmethane; ethylhexyl triazone; octocrylene; octyl salicylate,octocrylene 80.0mg/g; octyl salicylate 50.0mg/g; butyl methoxydibenzoylmethane 45.0mg/g; ethylhexyl triazone 35.0mg/g; bemotrizinol 20.0mg/g,,False,False,https://www.tga.gov.au/resources/artg/530062,https://www.ebs.tga.gov.au/servlet/xmlmillr6?dbid=ebs/PublicHTML/pdfStore.nsf&docid=530062&agid=(PrintDetailsPublic)&actionid=1
6,chemical-only,474847,Banana Boat Sport Smartmist Sunscreen Spray SPF50+,Edgewell Personal Care Australia Pty Ltd,,5,bemotrizinol; butyl methoxydibenzoylmethane; ethylhexyl triazone; octocrylene; octyl salicylate,octocrylene 70.0mg/g; octyl salicylate 50.0mg/g; butyl methoxydibenzoylmethane 45.0mg/g; ethylhexyl triazone 40.0mg/g; bemotrizinol 15.0mg/g,50,False,False,https://www.tga.gov.au/resources/artg/474847,https://www.ebs.tga.gov.au/servlet/xmlmillr6?dbid=ebs/PublicHTML/pdfStore.nsf&docid=474847&agid=(PrintDetailsPublic)&actionid=1
6,chemical-only,387335,Banana Boat Sport Sunscreen Lotion SPF50+,Edgewell Personal Care Australia Pty Ltd,,6,bemotrizinol; butyl methoxydibenzoylmethane; ethylhexyl triazone; homosalate; octocrylene; octyl salicylate,octocrylene 60.0mg/g; homosalate 80.0mg/g; octyl salicylate 50.0mg/g; butyl methoxydibenzoylmethane 35.0mg/g; ethylhexyl triazone 13.0mg/g; bemotrizinol 10.0mg/g,50,False,False,https://www.tga.gov.au/resources/artg/387335,https://www.ebs.tga.gov.au/servlet/xmlmillr6?dbid=ebs/PublicHTML/pdfStore.nsf&docid=387335&agid=(PrintDetailsPublic)&actionid=1
6,chemical-only,242873,Banana Boat Sport Very High Protection Sunscreen Lotion Spray SPF 50+,Edgewell Personal Care Australia Pty Ltd,,4,4-methylbenzylidene camphor; bemotrizinol; butyl methoxydibenzoylmethane; octocrylene,butyl methoxydibenzoylmethane 50.0mg/g; 4-methylbenzylidene camphor 40.0mg/g; octocrylene 20.0mg/g; bemotrizinol 5.0mg/g,50,False,False,https://www.tga.gov.au/resources/artg/242873,https://www.ebs.tga.gov.au/servlet/xmlmillr6?dbid=ebs/PublicHTML/pdfStore.nsf&docid=242873&agid=(PrintDetailsPublic)&actionid=1
6,chemical-only,355411,Banana Boat Sport Very High Protection Sunscreen Spray SPF 50+,Edgewell Personal Care Australia Pty Ltd,,5,4-methylbenzylidene camphor; butyl methoxydibenzoylmethane; homosalate; octocrylene; octyl salicylate,butyl methoxydibenzoylmethane 29.8mg/g; 4-methylbenzylidene camphor 19.9mg/g; octocrylene 35.8mg/g; octyl salicylate 39.8mg/g; homosalate 79.6mg/g,50,False,False,https://www.tga.gov.au/resources/artg/355411,https://www.ebs.tga.gov.au/servlet/xmlmillr6?dbid=ebs/PublicHTML/pdfStore.nsf&docid=355411&agid=(PrintDetailsPublic)&actionid=1
6,chemical-only,406153,Banana Boat Ultra Light Face Fluid Sunscreen Lotion SPF 50+,Edgewell Personal Care Australia Pty Ltd,,6,bemotrizinol; butyl methoxydibenzoylmethane; ethylhexyl triazone; methylene bis-benzotriazolyl tetramethylbutylphenol; octocrylene; octyl salicylate,octyl salicylate 50.0mg/g; methylene bis-benzotriazolyl tetramethylbutylphenol 20.0mg/g; butyl methoxydibenzoylmethane 50.0mg/g; octocrylene 80.0mg/g; bemotrizinol 10.0mg/g; ethylhexyl triazone 40.0mg/g,50,False,False,https://www.tga.gov.au/resources/artg/406153,https://www.ebs.tga.gov.au/servlet/xmlmillr6?dbid=ebs/PublicHTML/pdfStore.nsf&docid=406153&agid=(PrintDetailsPublic)&actionid=1
6,chemical-only,526739,Banana Boat Ultra Light Face Fluid Sunscreen Lotion SPF 50+,Edgewell Personal Care Australia Pty Ltd,,6,bemotrizinol; butyl methoxydibenzoylmethane; ethylhexyl triazone; methylene bis-benzotriazolyl tetramethylbutylphenol; octocrylene; octyl salicylate,bemotrizinol 10.0mg/g; butyl methoxydibenzoylmethane 50.0mg/g; ethylhexyl triazone 40.0mg/g; methylene bis-benzotriazolyl tetramethylbutylphenol 20.0mg/g; octocrylene 80.0mg/g; octyl salicylate 50.0mg/g,50,False,False,https://www.tga.gov.au/resources/artg/526739,https://www.ebs.tga.gov.au/servlet/xmlmillr6?dbid=ebs/PublicHTML/pdfStore.nsf&docid=526739&agid=(PrintDetailsPublic)&actionid=1
6,chemical-only,387334,Banana Boat Ultra Sunscreen Lotion SPF50+,Edgewell Personal Care Australia Pty Ltd,,6,bemotrizinol; butyl methoxydibenzoylmethane; ethylhexyl triazone; homosalate; octocrylene; octyl salicylate,octocrylene 60.0mg/g; homosalate 80.0mg/g; octyl salicylate 50.0mg/g; butyl methoxydibenzoylmethane 35.0mg/g; ethylhexyl triazone 13.0mg/g; bemotrizinol 10.0mg/g,50,False,False,https://www.tga.gov.au/resources/artg/387334,https://www.ebs.tga.gov.au/servlet/xmlmillr6?dbid=ebs/PublicHTML/pdfStore.nsf&docid=387334&agid=(PrintDetailsPublic)&actionid=1
6,chemical-only,351121,Banana Boat Ultra Very High Protection Clear Sunscreen Spray SPF 50+,Edgewell Personal Care Australia Pty Ltd,,4,butyl methoxydibenzoylmethane; homosalate; octocrylene; octyl salicylate,butyl methoxydibenzoylmethane 21.0mg/g; octocrylene 49.0mg/g; octyl salicylate 31.5mg/g; homosalate 63.0mg/g,50,False,False,https://www.tga.gov.au/resources/artg/351121,https://www.ebs.tga.gov.au/servlet/xmlmillr6?dbid=ebs/PublicHTML/pdfStore.nsf&docid=351121&agid=(PrintDetailsPublic)&actionid=1
6,chemical-only,455328,Barefoot Labs Whip Screen Sunscreen Mousse SPF50 Bubblegum,Barefoot Labs Pty Ltd,,5,bemotrizinol; butyl methoxydibenzoylmethane; ethylhexyl triazone; homosalate; octocrylene,homosalate 90.0mg/g; octocrylene 54.0mg/g; butyl methoxydibenzoylmethane 40.5mg/g; ethylhexyl triazone 36.0mg/g; bemotrizinol 18.0mg/g,50,False,False,https://www.tga.gov.au/resources/artg/455328,https://www.ebs.tga.gov.au/servlet/xmlmillr6?dbid=ebs/PublicHTML/pdfStore.nsf&docid=455328&agid=(PrintDetailsPublic)&actionid=1
6,chemical-only,455327,Barefoot Labs Whip Screen Sunscreen Mousse SPF50 Watermelon,Barefoot Labs Pty Ltd,,5,bemotrizinol; butyl methoxydibenzoylmethane; ethylhexyl triazone; homosalate; octocrylene,homosalate 90.0mg/g; octocrylene 54.0mg/g; butyl methoxydibenzoylmethane 40.5mg/g; ethylhexyl triazone 36.0mg/g; bemotrizinol 18.0mg/g,50,False,False,https://www.tga.gov.au/resources/artg/455327,https://www.ebs.tga.gov.au/servlet/xmlmillr6?dbid=ebs/PublicHTML/pdfStore.nsf&docid=455327&agid=(PrintDetailsPublic)&actionid=1
6,chemical-only,484925,Barefoot Labs WhipScreen Sunscreen Mousse SPF50 ANTI-SCENT,Barefoot Labs Pty Ltd,,5,bemotrizinol; butyl methoxydibenzoylmethane; ethylhexyl triazone; octocrylene; octyl salicylate,octocrylene 54.0mg/g; butyl methoxydibenzoylmethane 45.0mg/g; octyl salicylate 45.0mg/g; ethylhexyl triazone 36.0mg/g; bemotrizinol 27.0mg/g,50,False,False,https://www.tga.gov.au/resources/artg/484925,https://www.ebs.tga.gov.au/servlet/xmlmillr6?dbid=ebs/PublicHTML/pdfStore.nsf&docid=484925&agid=(PrintDetailsPublic)&actionid=1
6,chemical-only,484926,Barefoot Labs WhipScreen Sunscreen Mousse SPF50 GLAZED DONUT,Barefoot Labs Pty Ltd,,5,bemotrizinol; butyl methoxydibenzoylmethane; ethylhexyl triazone; octocrylene; octyl salicylate,octocrylene 54.0mg/g; butyl methoxydibenzoylmethane 45.0mg/g; octyl salicylate 45.0mg/g; ethylhexyl triazone 36.0mg/g; bemotrizinol 27.0mg/g,50,False,False,https://www.tga.gov.au/resources/artg/484926,https://www.ebs.tga.gov.au/servlet/xmlmillr6?dbid=ebs/PublicHTML/pdfStore.nsf&docid=484926&agid=(PrintDetailsPublic)&actionid=1
6,chemical-only,522293,Biore UV Aqua Rich Glow Effect Moisturiser Broad Spectrum SPF 50 Sunscreen,Kao Australia Pty Ltd,,4,butyl methoxydibenzoylmethane; homosalate; octocrylene; octyl salicylate,octocrylene 50.0mg/g; octyl salicylate 50.0mg/g; butyl methoxydibenzoylmethane 30.0mg/g; homosalate 100.0mg/g,50,False,False,https://www.tga.gov.au/resources/artg/522293,https://www.ebs.tga.gov.au/servlet/xmlmillr6?dbid=ebs/PublicHTML/pdfStore.nsf&docid=522293&agid=(PrintDetailsPublic)&actionid=1
6,chemical-only,521887,Biore UV Aqua Rich Lightweight Moisturiser Broad Spectrum SPF 50 Sunscreen,Kao Australia Pty Ltd,,4,butyl methoxydibenzoylmethane; homosalate; octocrylene; octyl salicylate,butyl methoxydibenzoylmethane 30.0mg/g; homosalate 100.0mg/g; octyl salicylate 50.0mg/g; octocrylene 50.0mg/g,50,False,False,https://www.tga.gov.au/resources/artg/521887,https://www.ebs.tga.gov.au/servlet/xmlmillr6?dbid=ebs/PublicHTML/pdfStore.nsf&docid=521887&agid=(PrintDetailsPublic)&actionid=1
6,chemical-only,381102,Black and Gold Value Every Day SPF50+ Sunscreen,Ross Laboratories Aust Pty Ltd,,3,butyl methoxydibenzoylmethane; homosalate; octocrylene,butyl methoxydibenzoylmethane 30.0mg/g; octocrylene 80.0mg/g; homosalate 60.0mg/g,50,False,False,https://www.tga.gov.au/resources/artg/381102,https://www.ebs.tga.gov.au/servlet/xmlmillr6?dbid=ebs/PublicHTML/pdfStore.nsf&docid=381102&agid=(PrintDetailsPublic)&actionid=1
6,chemical-only,520826,Bondi Sands Daily Moisturising Face SPF50+ Sunscreen Lotion (Formulation Update),Bondi Sands Pty Ltd,,4,butyl methoxydibenzoylmethane; homosalate; octocrylene; octyl salicylate,homosalate 100.0mg/g; octocrylene 80.0mg/g; octyl salicylate 50.0mg/g; butyl methoxydibenzoylmethane 30.0mg/g,50,False,False,https://www.tga.gov.au/resources/artg/520826,https://www.ebs.tga.gov.au/servlet/xmlmillr6?dbid=ebs/PublicHTML/pdfStore.nsf&docid=520826&agid=(PrintDetailsPublic)&actionid=1
6,chemical-only,386952,Bondi Sands Face SPF50+ Mattifying Universal Tint Sunscreen Lotion,Bondi Sands Pty Ltd,,5,butyl methoxydibenzoylmethane; ethylhexyl triazone; homosalate; octocrylene; octyl salicylate,octocrylene 80.0mg/g; octyl salicylate 50.0mg/g; butyl methoxydibenzoylmethane 40.0mg/g; ethylhexyl triazone 10.0mg/g; homosalate 100.0mg/g,50,False,False,https://www.tga.gov.au/resources/artg/386952,https://www.ebs.tga.gov.au/servlet/xmlmillr6?dbid=ebs/PublicHTML/pdfStore.nsf&docid=386952&agid=(PrintDetailsPublic)&actionid=1
6,chemical-only,339407,Bondi Sands Hydra UV Protect SPF 50+ Finger Pump Spray Sunscreen,Bondi Sands Pty Ltd,,5,butyl methoxydibenzoylmethane; homosalate; methylene bis-benzotriazolyl tetramethylbutylphenol; octocrylene; octyl salicylate,butyl methoxydibenzoylmethane 35.0mg/g; octocrylene 50.0mg/g; octyl salicylate 50.0mg/g; homosalate 100.0mg/g; methylene bis-benzotriazolyl tetramethylbutylphenol 15.0mg/g,50,False,False,https://www.tga.gov.au/resources/artg/339407,https://www.ebs.tga.gov.au/servlet/xmlmillr6?dbid=ebs/PublicHTML/pdfStore.nsf&docid=339407&agid=(PrintDetailsPublic)&actionid=1
6,chemical-only,378691,Bondi Sands Hydra UV Protect SPF70 Sunscreen Lotion,Bondi Sands Pty Ltd,,4,butyl methoxydibenzoylmethane; homosalate; octocrylene; octyl salicylate,butyl methoxydibenzoylmethane 30.0mg/g; octocrylene 100.0mg/g; octyl salicylate 50.0mg/g; homosalate 150.0mg/g,70,False,False,https://www.tga.gov.au/resources/artg/378691,https://www.ebs.tga.gov.au/servlet/xmlmillr6?dbid=ebs/PublicHTML/pdfStore.nsf&docid=378691&agid=(PrintDetailsPublic)&actionid=1
6,chemical-only,378692,Bondi Sands Hydra UV Protect SPF70 Sunscreen Spray,Bondi Sands Pty Ltd,,4,butyl methoxydibenzoylmethane; homosalate; octocrylene; octyl salicylate,butyl methoxydibenzoylmethane 30.0mg/g; octocrylene 100.0mg/g; octyl salicylate 50.0mg/g; homosalate 150.0mg/g,70,False,False,https://www.tga.gov.au/resources/artg/378692,https://www.ebs.tga.gov.au/servlet/xmlmillr6?dbid=ebs/PublicHTML/pdfStore.nsf&docid=378692&agid=(PrintDetailsPublic)&actionid=1
6,chemical-only,392053,Bondi Sands SPF 50+ Fragrance Free Sunscreen Lotion Pump,Bondi Sands Pty Ltd,,4,butyl methoxydibenzoylmethane; homosalate; octocrylene; octyl salicylate,homosalate 100.0mg/g; octocrylene 80.0mg/g; octyl salicylate 50.0mg/g; butyl methoxydibenzoylmethane 40.0mg/g,50,False,False,https://www.tga.gov.au/resources/artg/392053,https://www.ebs.tga.gov.au/servlet/xmlmillr6?dbid=ebs/PublicHTML/pdfStore.nsf&docid=392053&agid=(PrintDetailsPublic)&actionid=1
6,chemical-only,308869,Bondi Sands SPF30 Aloe Vera Sunscreen Spray,Bondi Sands Pty Ltd,,5,butyl methoxydibenzoylmethane; homosalate; octocrylene; octyl salicylate; oxybenzone,butyl methoxydibenzoylmethane 40.0mg/g; oxybenzone 40.0mg/g; octocrylene 20.0mg/g; octyl salicylate 50.0mg/g; homosalate 100.0mg/g,30,False,False,https://www.tga.gov.au/resources/artg/308869,https://www.ebs.tga.gov.au/servlet/xmlmillr6?dbid=ebs/PublicHTML/pdfStore.nsf&docid=308869&agid=(PrintDetailsPublic)&actionid=1
6,chemical-only,381190,Bondi Sands SPF30 Sunscreen,Bondi Sands Pty Ltd,,4,butyl methoxydibenzoylmethane; homosalate; octocrylene; octyl salicylate,butyl methoxydibenzoylmethane 30.0mg/g; octocrylene 80.0mg/g; octyl salicylate 50.0mg/g; homosalate 100.0mg/g,30,False,False,https://www.tga.gov.au/resources/artg/381190,https://www.ebs.tga.gov.au/servlet/xmlmillr6?dbid=ebs/PublicHTML/pdfStore.nsf&docid=381190&agid=(PrintDetailsPublic)&actionid=1
6,chemical-only,347658,Bondi Sands SPF30 Sunscreen Lotion,Bondi Sands Pty Ltd,,4,butyl methoxydibenzoylmethane; homosalate; octocrylene; octyl salicylate,butyl methoxydibenzoylmethane 30.0mg/g; octocrylene 80.0mg/g; octyl salicylate 50.0mg/g; homosalate 100.0mg/g,30,False,False,https://www.tga.gov.au/resources/artg/347658,https://www.ebs.tga.gov.au/servlet/xmlmillr6?dbid=ebs/PublicHTML/pdfStore.nsf&docid=347658&agid=(PrintDetailsPublic)&actionid=1
6,chemical-only,337128,Bondi Sands SPF50+ Aerosol Mist Spray Fragrance Free Sunscreen,Bondi Sands Pty Ltd,,5,bemotrizinol; butyl methoxydibenzoylmethane; homosalate; octocrylene; octyl salicylate,butyl methoxydibenzoylmethane 30.0mg/g; octocrylene 30.0mg/g; octyl salicylate 30.0mg/g; homosalate 60.0mg/g; bemotrizinol 900.0microgram/g,50,False,False,https://www.tga.gov.au/resources/artg/337128,https://www.ebs.tga.gov.au/servlet/xmlmillr6?dbid=ebs/PublicHTML/pdfStore.nsf&docid=337128&agid=(PrintDetailsPublic)&actionid=1
6,chemical-only,337127,Bondi Sands SPF50+ Aerosol Mist Spray Sunscreen,Bondi Sands Pty Ltd,,5,bemotrizinol; butyl methoxydibenzoylmethane; homosalate; octocrylene; octyl salicylate,butyl methoxydibenzoylmethane 30.0mg/g; octocrylene 30.0mg/g; octyl salicylate 30.0mg/g; homosalate 60.0mg/g; bemotrizinol 900.0microgram/g,50,False,False,https://www.tga.gov.au/resources/artg/337127,https://www.ebs.tga.gov.au/servlet/xmlmillr6?dbid=ebs/PublicHTML/pdfStore.nsf&docid=337127&agid=(PrintDetailsPublic)&actionid=1
6,chemical-only,366786,Bondi Sands SPF50+ Coconut Beach Sunscreen Lotion Value Pump Pack,Bondi Sands Pty Ltd,,4,butyl methoxydibenzoylmethane; homosalate; octocrylene; octyl salicylate,butyl methoxydibenzoylmethane 40.0mg/g; octocrylene 80.0mg/g; octyl salicylate 50.0mg/g; homosalate 100.0mg/g,50,False,False,https://www.tga.gov.au/resources/artg/366786,https://www.ebs.tga.gov.au/servlet/xmlmillr6?dbid=ebs/PublicHTML/pdfStore.nsf&docid=366786&agid=(PrintDetailsPublic)&actionid=1
6,chemical-only,520825,Bondi Sands SPF50+ Fragrance Free Sunscreen Lotion (Formulation Update),Bondi Sands Pty Ltd,,4,butyl methoxydibenzoylmethane; homosalate; octocrylene; octyl salicylate,homosalate 100.0mg/g; octocrylene 80.0mg/g; octyl salicylate 50.0mg/g; butyl methoxydibenzoylmethane 30.0mg/g,50,False,False,https://www.tga.gov.au/resources/artg/520825,https://www.ebs.tga.gov.au/servlet/xmlmillr6?dbid=ebs/PublicHTML/pdfStore.nsf&docid=520825&agid=(PrintDetailsPublic)&actionid=1
6,chemical-only,364511,Bondi Sands Sport SPF 50+ Sunscreen Spray (non aerosol),Bondi Sands Pty Ltd,,5,bemotrizinol; butyl methoxydibenzoylmethane; homosalate; octocrylene; octyl salicylate,butyl methoxydibenzoylmethane 50.0mg/g; octocrylene 50.0mg/g; octyl salicylate 50.0mg/g; homosalate 100.0mg/g; bemotrizinol 1.5mg/g,50,False,False,https://www.tga.gov.au/resources/artg/364511,https://www.ebs.tga.gov.au/servlet/xmlmillr6?dbid=ebs/PublicHTML/pdfStore.nsf&docid=364511&agid=(PrintDetailsPublic)&actionid=1
6,chemical-only,334958,Bondi Sands Sport SPF50+ Sunscreen Spray,Bondi Sands Pty Ltd,,5,bemotrizinol; butyl methoxydibenzoylmethane; homosalate; octocrylene; octyl salicylate,homosalate 60.0mg/g; octyl salicylate 30.0mg/g; butyl methoxydibenzoylmethane 30.0mg/g; octocrylene 30.0mg/g; bemotrizinol 900.0microgram/g,50,False,False,https://www.tga.gov.au/resources/artg/334958,https://www.ebs.tga.gov.au/servlet/xmlmillr6?dbid=ebs/PublicHTML/pdfStore.nsf&docid=334958&agid=(PrintDetailsPublic)&actionid=1
6,chemical-only,423951,Brady Superblock SPF50+ Sunscreen Lotion,Concept Laboratories Pty Ltd,,4,butyl methoxydibenzoylmethane; homosalate; octocrylene; octyl salicylate,homosalate 100.0mg/g; octocrylene 80.0mg/g; octyl salicylate 50.0mg/g; butyl methoxydibenzoylmethane 40.0mg/g,50,False,False,https://www.tga.gov.au/resources/artg/423951,https://www.ebs.tga.gov.au/servlet/xmlmillr6?dbid=ebs/PublicHTML/pdfStore.nsf&docid=423951&agid=(PrintDetailsPublic)&actionid=1
6,chemical-only,411390,Broad Spectrum UVA & UVB Protection SPF 50+ Fragrance Free Sunscreen Mist,Bondi Sands Pty Ltd,,4,butyl methoxydibenzoylmethane; homosalate; octocrylene; octyl salicylate,octyl salicylate 35.0mg/g; homosalate 105.0mg/g; octocrylene 42.0mg/g; butyl methoxydibenzoylmethane 35.0mg/g,50,False,False,https://www.tga.gov.au/resources/artg/411390,https://www.ebs.tga.gov.au/servlet/xmlmillr6?dbid=ebs/PublicHTML/pdfStore.nsf&docid=411390&agid=(PrintDetailsPublic)&actionid=1
6,chemical-only,515354,By The Sea Salted Caramel Whipped SPF50 Sunscreen,Sundae Body Pty Ltd,,5,bemotrizinol; butyl methoxydibenzoylmethane; ethylhexyl triazone; homosalate; octocrylene,bemotrizinol 18.0mg/g; octocrylene 54.0mg/g; ethylhexyl triazone 36.0mg/g; butyl methoxydibenzoylmethane 40.5mg/g; homosalate 90.0mg/g,50,False,False,https://www.tga.gov.au/resources/artg/515354,https://www.ebs.tga.gov.au/servlet/xmlmillr6?dbid=ebs/PublicHTML/pdfStore.nsf&docid=515354&agid=(PrintDetailsPublic)&actionid=1
6,chemical-only,50582,CANCER SOCIETY VERY HIGH PROTECTION SPF15+        SUNSCREEN stick tube,John Thatcher & Associates Pty Ltd,,2,butyl methoxydibenzoylmethane; octyl methoxycinnamate,octyl methoxycinnamate 80.0mg/g; butyl methoxydibenzoylmethane 20.0mg/g,15,False,False,https://www.tga.gov.au/resources/artg/50582,https://www.ebs.tga.gov.au/servlet/xmlmillr6?dbid=ebs/PublicHTML/pdfStore.nsf&docid=50582&agid=(PrintDetailsPublic)&actionid=1
6,chemical-only,207979,CANCER_COUNCIL ACTIVE DRY TOUCH SUNSCREEN SPF50+ LOTION,Vitality Brands Worldwide Pty Ltd,,4,4-methylbenzylidene camphor; bemotrizinol; butyl methoxydibenzoylmethane; octocrylene,butyl methoxydibenzoylmethane 50.0mg/g; 4-methylbenzylidene camphor 40.0mg/g; octocrylene 20.0mg/g; bemotrizinol 15.0mg/g,50,False,False,https://www.tga.gov.au/resources/artg/207979,https://www.ebs.tga.gov.au/servlet/xmlmillr6?dbid=ebs/PublicHTML/pdfStore.nsf&docid=207979&agid=(PrintDetailsPublic)&actionid=1
6,chemical-only,299872,CANCER_COUNCIL REPEL SUNSCREEN PLUS INSECT REPELLENT LOTION SPF50+,Vitality Brands Worldwide Pty Ltd,,4,4-methylbenzylidene camphor; bemotrizinol; butyl methoxydibenzoylmethane; octocrylene,butyl methoxydibenzoylmethane 50.0mg/g; 4-methylbenzylidene camphor 40.0mg/g; octocrylene 20.0mg/g; bemotrizinol 10.0mg/g,50,False,False,https://www.tga.gov.au/resources/artg/299872,https://www.ebs.tga.gov.au/servlet/xmlmillr6?dbid=ebs/PublicHTML/pdfStore.nsf&docid=299872&agid=(PrintDetailsPublic)&actionid=1
6,chemical-only,274199,CANCER_COUNCIL WATERSPORT SUNSCREEN SPF50+,Vitality Brands Worldwide Pty Ltd,,5,4-methylbenzylidene camphor; butyl methoxydibenzoylmethane; homosalate; octocrylene; octyl salicylate,butyl methoxydibenzoylmethane 30.0mg/g; 4-methylbenzylidene camphor 25.0mg/g; octocrylene 60.0mg/g; octyl salicylate 50.0mg/g; homosalate 80.0mg/g,50,False,False,https://www.tga.gov.au/resources/artg/274199,https://www.ebs.tga.gov.au/servlet/xmlmillr6?dbid=ebs/PublicHTML/pdfStore.nsf&docid=274199&agid=(PrintDetailsPublic)&actionid=1
6,chemical-only,301490,CCA Moisturising Sunscreen SPF50+,Vitality Brands Worldwide Pty Ltd,,4,butyl methoxydibenzoylmethane; homosalate; octocrylene; octyl salicylate,homosalate 100.0mg/g; octyl salicylate 50.0mg/g; butyl methoxydibenzoylmethane 30.0mg/g; octocrylene 80.0mg/g,50,False,False,https://www.tga.gov.au/resources/artg/301490,https://www.ebs.tga.gov.au/servlet/xmlmillr6?dbid=ebs/PublicHTML/pdfStore.nsf&docid=301490&agid=(PrintDetailsPublic)&actionid=1
6,chemical-only,354929,Cancer_Council Australia Everyday Value Sunscreen SPF50,Vitality Brands Worldwide Pty Ltd,,3,butyl methoxydibenzoylmethane; homosalate; octocrylene,butyl methoxydibenzoylmethane 30.0mg/g; octocrylene 80.0mg/g; homosalate 60.0mg/g,50,False,False,https://www.tga.gov.au/resources/artg/354929,https://www.ebs.tga.gov.au/servlet/xmlmillr6?dbid=ebs/PublicHTML/pdfStore.nsf&docid=354929&agid=(PrintDetailsPublic)&actionid=1
6,chemical-only,466885,Cancer_Council Everyday Value Sunscreen SPF50 (New Formulation),Vitality Brands Worldwide Pty Ltd,,3,butyl methoxydibenzoylmethane; homosalate; octocrylene,butyl methoxydibenzoylmethane 30.0mg/g; homosalate 60.0mg/g; octocrylene 80.0mg/g,50,False,False,https://www.tga.gov.au/resources/artg/466885,https://www.ebs.tga.gov.au/servlet/xmlmillr6?dbid=ebs/PublicHTML/pdfStore.nsf&docid=466885&agid=(PrintDetailsPublic)&actionid=1
6,chemical-only,526286,Cancer_Council Family Protect Sunscreen Spray SPF50+,Vitality Brands Worldwide Pty Ltd,,5,bemotrizinol; butyl methoxydibenzoylmethane; ethylhexyl triazone; octocrylene; octyl salicylate,ethylhexyl triazone 35.0mg/g; octocrylene 80.0mg/g; bemotrizinol 20.0mg/g; octyl salicylate 50.0mg/g; butyl methoxydibenzoylmethane 45.0mg/g,50,False,False,https://www.tga.gov.au/resources/artg/526286,https://www.ebs.tga.gov.au/servlet/xmlmillr6?dbid=ebs/PublicHTML/pdfStore.nsf&docid=526286&agid=(PrintDetailsPublic)&actionid=1
6,chemical-only,405090,Cancer_Council Hydrating Sunscreen For Men SPF50+,Vitality Brands Worldwide Pty Ltd,,6,bemotrizinol; butyl methoxydibenzoylmethane; ethylhexyl triazone; homosalate; octocrylene; octyl salicylate,homosalate 80.0mg/g; octocrylene 60.0mg/g; octyl salicylate 50.0mg/g; butyl methoxydibenzoylmethane 35.0mg/g; ethylhexyl triazone 13.0mg/g; bemotrizinol 10.0mg/g,50,False,False,https://www.tga.gov.au/resources/artg/405090,https://www.ebs.tga.gov.au/servlet/xmlmillr6?dbid=ebs/PublicHTML/pdfStore.nsf&docid=405090&agid=(PrintDetailsPublic)&actionid=1
6,chemical-only,485997,Cancer_Council Protect & Hydrate Sunscreen 24 HR Hydration SPF50+,Vitality Brands Worldwide Pty Ltd,,4,butyl methoxydibenzoylmethane; ethylhexyl triazone; octocrylene; octyl salicylate,octocrylene 50.0mg/g; octyl salicylate 45.0mg/g; butyl methoxydibenzoylmethane 30.0mg/g; ethylhexyl triazone 30.0mg/g,50,False,False,https://www.tga.gov.au/resources/artg/485997,https://www.ebs.tga.gov.au/servlet/xmlmillr6?dbid=ebs/PublicHTML/pdfStore.nsf&docid=485997&agid=(PrintDetailsPublic)&actionid=1
6,chemical-only,383990,Cancer_Council Sport Sunscreen Dry Touch & Sweat Resistant lotion SPF50+,Vitality Brands Worldwide Pty Ltd,,6,bemotrizinol; butyl methoxydibenzoylmethane; ethylhexyl triazone; homosalate; octocrylene; octyl salicylate,bemotrizinol 10.0mg/g; octocrylene 60.0mg/g; octyl salicylate 50.0mg/g; homosalate 80.0mg/g; ethylhexyl triazone 13.0mg/g; butyl methoxydibenzoylmethane 35.0mg/g,50,False,False,https://www.tga.gov.au/resources/artg/383990,https://www.ebs.tga.gov.au/servlet/xmlmillr6?dbid=ebs/PublicHTML/pdfStore.nsf&docid=383990&agid=(PrintDetailsPublic)&actionid=1
6,chemical-only,405571,Cancer_Council Ultra Roll-On Sunscreen SPF50+,Vitality Brands Worldwide Pty Ltd,,4,butyl methoxydibenzoylmethane; homosalate; octocrylene; octyl salicylate,homosalate 100.0mg/g; octocrylene 80.0mg/g; octyl salicylate 50.0mg/g; butyl methoxydibenzoylmethane 30.0mg/g,50,False,False,https://www.tga.gov.au/resources/artg/405571,https://www.ebs.tga.gov.au/servlet/xmlmillr6?dbid=ebs/PublicHTML/pdfStore.nsf&docid=405571&agid=(PrintDetailsPublic)&actionid=1
6,chemical-only,367752,Cancer_Council Ultra Sunscreen Lipbalm SPF50+,Vitality Brands Worldwide Pty Ltd,,5,4-methylbenzylidene camphor; butyl methoxydibenzoylmethane; homosalate; octocrylene; octyl salicylate,butyl methoxydibenzoylmethane 40.0mg/g; 4-methylbenzylidene camphor 40.0mg/g; octocrylene 50.0mg/g; octyl salicylate 50.0mg/g; homosalate 100.0mg/g,50,False,False,https://www.tga.gov.au/resources/artg/367752,https://www.ebs.tga.gov.au/servlet/xmlmillr6?dbid=ebs/PublicHTML/pdfStore.nsf&docid=367752&agid=(PrintDetailsPublic)&actionid=1
6,chemical-only,287253,Cancer_Council Ultra Sunscreen Lotion SPF50+,Vitality Brands Worldwide Pty Ltd,,4,butyl methoxydibenzoylmethane; homosalate; octocrylene; octyl salicylate,octocrylene 80.0mg/g; octyl salicylate 50.0mg/g; homosalate 100.0mg/g; butyl methoxydibenzoylmethane 30.0mg/g,50,False,False,https://www.tga.gov.au/resources/artg/287253,https://www.ebs.tga.gov.au/servlet/xmlmillr6?dbid=ebs/PublicHTML/pdfStore.nsf&docid=287253&agid=(PrintDetailsPublic)&actionid=1
6,chemical-only,526287,Cancer_Council Ultra-Light Fluid Sunscreen Spray SPF50+,Vitality Brands Worldwide Pty Ltd,,6,butyl methoxydibenzoylmethane; ethylhexyl triazone; methylene bis-benzotriazolyl tetramethylbutylphenol; octocrylene; octyl salicylate; phenylbenzimidazole sulfonic acid,octocrylene 75.0mg/g; octyl salicylate 45.0mg/g; butyl methoxydibenzoylmethane 37.5mg/g; methylene bis-benzotriazolyl tetramethylbutylphenol 15.0mg/g; ethylhexyl triazone 15.0mg/g; phenylbenzimidazole sulfonic acid 14.0mg/g,50,False,False,https://www.tga.gov.au/resources/artg/526287,https://www.ebs.tga.gov.au/servlet/xmlmillr6?dbid=ebs/PublicHTML/pdfStore.nsf&docid=526287&agid=(PrintDetailsPublic)&actionid=1
6,chemical-only,274547,Cancer_Council Work Dry Touch Sunscreen SPF50+,Vitality Brands Worldwide Pty Ltd,,4,butyl methoxydibenzoylmethane; homosalate; octocrylene; octyl salicylate,octocrylene 80.0mg/g; butyl methoxydibenzoylmethane 40.0mg/g; homosalate 100.0mg/g; octyl salicylate 50.0mg/g,50,False,False,https://www.tga.gov.au/resources/artg/274547,https://www.ebs.tga.gov.au/servlet/xmlmillr6?dbid=ebs/PublicHTML/pdfStore.nsf&docid=274547&agid=(PrintDetailsPublic)&actionid=1
6,chemical-only,283281,Chemists' Own Dry Touch Sunscreen Lotion SPF50+,Arrotex Pharmaceuticals Pty Ltd,,5,butyl methoxydibenzoylmethane; homosalate; octocrylene; octyl salicylate; oxybenzone,butyl methoxydibenzoylmethane 30.0mg/g; oxybenzone 20.0mg/g; octocrylene 30.0mg/g; octyl salicylate 30.0mg/g; homosalate 30.0mg/g,50,False,False,https://www.tga.gov.au/resources/artg/283281,https://www.ebs.tga.gov.au/servlet/xmlmillr6?dbid=ebs/PublicHTML/pdfStore.nsf&docid=283281&agid=(PrintDetailsPublic)&actionid=1
6,chemical-only,392821,Chemists' Own Dry Touch Sunscreen Lotion SPF50+ (new formulation),Arrotex Pharmaceuticals Pty Ltd,,3,butyl methoxydibenzoylmethane; homosalate; octocrylene,octocrylene 80.0mg/g; butyl methoxydibenzoylmethane 30.0mg/g; homosalate 60.0mg/g,50,False,False,https://www.tga.gov.au/resources/artg/392821,https://www.ebs.tga.gov.au/servlet/xmlmillr6?dbid=ebs/PublicHTML/pdfStore.nsf&docid=392821&agid=(PrintDetailsPublic)&actionid=1
6,chemical-only,392818,Chemists' Own Sport Sunscreen Lotion SPF50+ (new formulation),Arrotex Pharmaceuticals Pty Ltd,,3,butyl methoxydibenzoylmethane; homosalate; octocrylene,octocrylene 80.0mg/g; butyl methoxydibenzoylmethane 30.0mg/g; homosalate 60.0mg/g,50,False,False,https://www.tga.gov.au/resources/artg/392818,https://www.ebs.tga.gov.au/servlet/xmlmillr6?dbid=ebs/PublicHTML/pdfStore.nsf&docid=392818&agid=(PrintDetailsPublic)&actionid=1
6,chemical-only,420210,Clear Skincare Hydrating Sunscreen Lotion SPF50+,Ross Laboratories Aust Pty Ltd,,4,bemotrizinol; butyl methoxydibenzoylmethane; ethylhexyl triazone; octocrylene,octocrylene 30.0mg/g; ethylhexyl triazone 50.0mg/g; butyl methoxydibenzoylmethane 50.0mg/g; bemotrizinol 10.0mg/g,50,False,False,https://www.tga.gov.au/resources/artg/420210,https://www.ebs.tga.gov.au/servlet/xmlmillr6?dbid=ebs/PublicHTML/pdfStore.nsf&docid=420210&agid=(PrintDetailsPublic)&actionid=1
6,chemical-only,382876,Clear Skincare S50 Sunscreen SPF50+,CSC Products Pty Ltd,,4,butyl methoxydibenzoylmethane; homosalate; octocrylene; octyl salicylate,homosalate 100.0mg/g; butyl methoxydibenzoylmethane 30.0mg/g; octyl salicylate 50.0mg/g; octocrylene 100.0mg/g,50,False,False,https://www.tga.gov.au/resources/artg/382876,https://www.ebs.tga.gov.au/servlet/xmlmillr6?dbid=ebs/PublicHTML/pdfStore.nsf&docid=382876&agid=(PrintDetailsPublic)&actionid=1
6,chemical-only,392640,Clear Skincare S50 Sunscreen SPF50+,CSC Products Pty Ltd,,4,butyl methoxydibenzoylmethane; homosalate; octocrylene; octyl salicylate,octocrylene 100.0mg/g; homosalate 100.0mg/g; butyl methoxydibenzoylmethane 30.0mg/g; octyl salicylate 50.0mg/g,50,False,False,https://www.tga.gov.au/resources/artg/392640,https://www.ebs.tga.gov.au/servlet/xmlmillr6?dbid=ebs/PublicHTML/pdfStore.nsf&docid=392640&agid=(PrintDetailsPublic)&actionid=1
6,chemical-only,407301,Clear Skincare S50 Sunscreen SPF50+,CSC Products Pty Ltd,,4,butyl methoxydibenzoylmethane; homosalate; octocrylene; octyl salicylate,octocrylene 100.0mg/g; homosalate 100.0mg/g; butyl methoxydibenzoylmethane 30.0mg/g; octyl salicylate 50.0mg/g,50,False,False,https://www.tga.gov.au/resources/artg/407301,https://www.ebs.tga.gov.au/servlet/xmlmillr6?dbid=ebs/PublicHTML/pdfStore.nsf&docid=407301&agid=(PrintDetailsPublic)&actionid=1
6,chemical-only,108598,ClearSkinCare Sunscreen SPF 30+,CSC Products Pty Ltd,,4,butyl methoxydibenzoylmethane; octocrylene; oxybenzone; phenylbenzimidazole sulfonic acid,butyl methoxydibenzoylmethane 10.0mg/g; oxybenzone 15.0mg/g; octocrylene 50.0mg/g; phenylbenzimidazole sulfonic acid 20.0mg/g,30,False,False,https://www.tga.gov.au/resources/artg/108598,https://www.ebs.tga.gov.au/servlet/xmlmillr6?dbid=ebs/PublicHTML/pdfStore.nsf&docid=108598&agid=(PrintDetailsPublic)&actionid=1
6,chemical-only,370816,ClearSkinCare Sunscreen SPF 30+,CSC Products Pty Ltd,,4,butyl methoxydibenzoylmethane; octocrylene; oxybenzone; phenylbenzimidazole sulfonic acid,butyl methoxydibenzoylmethane 20.0mg/g; oxybenzone 15.0mg/g; octocrylene 70.0mg/g; phenylbenzimidazole sulfonic acid 20.0mg/g,30,False,False,https://www.tga.gov.au/resources/artg/370816,https://www.ebs.tga.gov.au/servlet/xmlmillr6?dbid=ebs/PublicHTML/pdfStore.nsf&docid=370816&agid=(PrintDetailsPublic)&actionid=1
6,chemical-only,371951,Clearskincare Sunscreen SPF30,CSC Products Pty Ltd,,4,butyl methoxydibenzoylmethane; octocrylene; oxybenzone; phenylbenzimidazole sulfonic acid,butyl methoxydibenzoylmethane 20.0mg/g; oxybenzone 15.0mg/g; octocrylene 70.0mg/g; phenylbenzimidazole sulfonic acid 20.0mg/g,30,False,False,https://www.tga.gov.au/resources/artg/371951,https://www.ebs.tga.gov.au/servlet/xmlmillr6?dbid=ebs/PublicHTML/pdfStore.nsf&docid=371951&agid=(PrintDetailsPublic)&actionid=1
6,chemical-only,404473,Coco & Eve Body Sunscreen SPF50+,Supernova Au Pty Ltd,,4,butyl methoxydibenzoylmethane; homosalate; octocrylene; octyl salicylate,homosalate 100.0mg/g; octocrylene 80.0mg/g; octyl salicylate 50.0mg/g; butyl methoxydibenzoylmethane 30.0mg/g,50,False,False,https://www.tga.gov.au/resources/artg/404473,https://www.ebs.tga.gov.au/servlet/xmlmillr6?dbid=ebs/PublicHTML/pdfStore.nsf&docid=404473&agid=(PrintDetailsPublic)&actionid=1
6,chemical-only,447091,Coco & Eve Youth Defense Sunscreen Serum SPF 50+ Vitamin C* + Prebiotics,Supernova Au Pty Ltd,,4,butyl methoxydibenzoylmethane; homosalate; octocrylene; octyl salicylate,homosalate 100.0mg/g; octocrylene 80.0mg/g; octyl salicylate 50.0mg/g; butyl methoxydibenzoylmethane 30.0mg/g,50,False,False,https://www.tga.gov.au/resources/artg/447091,https://www.ebs.tga.gov.au/servlet/xmlmillr6?dbid=ebs/PublicHTML/pdfStore.nsf&docid=447091&agid=(PrintDetailsPublic)&actionid=1
6,chemical-only,277414,Coconut Sunscreen Lotion SPF 50+,Feel Good and Co Pty Ltd,,4,butyl methoxydibenzoylmethane; homosalate; octocrylene; octyl salicylate,octyl salicylate 50.0mg/g; butyl methoxydibenzoylmethane 40.0mg/g; homosalate 100.0mg/g; octocrylene 80.0mg/g,50,False,False,https://www.tga.gov.au/resources/artg/277414,https://www.ebs.tga.gov.au/servlet/xmlmillr6?dbid=ebs/PublicHTML/pdfStore.nsf&docid=277414&agid=(PrintDetailsPublic)&actionid=1
6,chemical-only,303110,Coles SPF50+ Ultra Sunscreen,Baxter Laboratories Pty Ltd,,4,butyl methoxydibenzoylmethane; homosalate; octocrylene; octyl salicylate,butyl methoxydibenzoylmethane 30.0mg/g; octocrylene 80.0mg/g; homosalate 100.0mg/g; octyl salicylate 50.0mg/g,50,False,False,https://www.tga.gov.au/resources/artg/303110,https://www.ebs.tga.gov.au/servlet/xmlmillr6?dbid=ebs/PublicHTML/pdfStore.nsf&docid=303110&agid=(PrintDetailsPublic)&actionid=1
6,chemical-only,464026,DRY TOUCH HAND & BODY SUNSCREEN SPF50+,Northside Brands Pty Ltd,,6,bemotrizinol; butyl methoxydibenzoylmethane; ethylhexyl triazone; homosalate; octocrylene; octyl salicylate,octyl salicylate 50.0mg/g; bemotrizinol 10.0mg/g; homosalate 80.0mg/g; octocrylene 60.0mg/g; butyl methoxydibenzoylmethane 35.0mg/g; ethylhexyl triazone 13.0mg/g,50,False,False,https://www.tga.gov.au/resources/artg/464026,https://www.ebs.tga.gov.au/servlet/xmlmillr6?dbid=ebs/PublicHTML/pdfStore.nsf&docid=464026&agid=(PrintDetailsPublic)&actionid=1
6,chemical-only,517313,DailyDaze Luminous Milk Face Sunscreen SPF50,Bali Body Pty Ltd,,6,bemotrizinol; butyl methoxydibenzoylmethane; ethylhexyl triazone; methylene bis-benzotriazolyl tetramethylbutylphenol; octocrylene; octyl salicylate,octocrylene 80.0mg/g; octyl salicylate 50.0mg/g; butyl methoxydibenzoylmethane 50.0mg/g; ethylhexyl triazone 40.0mg/g; bemotrizinol 10.0mg/g; methylene bis-benzotriazolyl tetramethylbutylphenol 20.0mg/g,50,False,False,https://www.tga.gov.au/resources/artg/517313,https://www.ebs.tga.gov.au/servlet/xmlmillr6?dbid=ebs/PublicHTML/pdfStore.nsf&docid=517313&agid=(PrintDetailsPublic)&actionid=1
6,chemical-only,529914,Derma K Teca B5 Sunscreen SPF50,W Supply Pty Ltd,,4,bemotrizinol; butyl methoxydibenzoylmethane; octocrylene; phenylbenzimidazole sulfonic acid,phenylbenzimidazole sulfonic acid 26.0mg/g; octocrylene 91.0mg/g; bemotrizinol 26.0mg/g; butyl methoxydibenzoylmethane 32.5mg/g,50,False,False,https://www.tga.gov.au/resources/artg/529914,https://www.ebs.tga.gov.au/servlet/xmlmillr6?dbid=ebs/PublicHTML/pdfStore.nsf&docid=529914&agid=(PrintDetailsPublic)&actionid=1
6,chemical-only,521496,Dermal Therapy Oil-Free Face Sunscreen SPF 50+,LaCorium Health Australia Pty Ltd,,6,bemotrizinol; butyl methoxydibenzoylmethane; disodium phenyl dibenzimidazole tetrasulfonate; ethylhexyl triazone; methylene bis-benzotriazolyl tetramethylbutylphenol; octyl salicylate,octyl salicylate 45.0mg/g; ethylhexyl triazone 30.0mg/g; disodium phenyl dibenzimidazole tetrasulfonate 26.0mg/g; bemotrizinol 25.0mg/g; butyl methoxydibenzoylmethane 20.0mg/g; methylene bis-benzotriazolyl tetramethylbutylphenol 20.0mg/g,50,False,False,https://www.tga.gov.au/resources/artg/521496,https://www.ebs.tga.gov.au/servlet/xmlmillr6?dbid=ebs/PublicHTML/pdfStore.nsf&docid=521496&agid=(PrintDetailsPublic)&actionid=1
6,chemical-only,447975,EAORON Sunscreen PRO SPF50+,Australian United Pharmaceuticals Pty Ltd,,4,butyl methoxydibenzoylmethane; octocrylene; oxybenzone; phenylbenzimidazole sulfonic acid,octocrylene 70.0mg/g; butyl methoxydibenzoylmethane 25.0mg/g; phenylbenzimidazole sulfonic acid 20.0mg/g; oxybenzone 30.0mg/g,50,False,False,https://www.tga.gov.au/resources/artg/447975,https://www.ebs.tga.gov.au/servlet/xmlmillr6?dbid=ebs/PublicHTML/pdfStore.nsf&docid=447975&agid=(PrintDetailsPublic)&actionid=1
6,chemical-only,393030,Ecosol SPF50+ Sunscreen Lotion,White Room International,,3,butyl methoxydibenzoylmethane; homosalate; octocrylene,octocrylene 80.0mg/g; butyl methoxydibenzoylmethane 30.0mg/g; homosalate 60.0mg/g,50,False,False,https://www.tga.gov.au/resources/artg/393030,https://www.ebs.tga.gov.au/servlet/xmlmillr6?dbid=ebs/PublicHTML/pdfStore.nsf&docid=393030&agid=(PrintDetailsPublic)&actionid=1
6,chemical-only,462448,Essano Hydrating Sunscreen Serum SPF40,Vitality Brands Worldwide Pty Ltd,,6,bemotrizinol; butyl methoxydibenzoylmethane; ethylhexyl triazone; homosalate; octyl salicylate; phenylbenzimidazole sulfonic acid,bemotrizinol 30.0mg/g; butyl methoxydibenzoylmethane 30.0mg/g; ethylhexyl triazone 20.0mg/g; homosalate 100.0mg/g; octyl salicylate 50.0mg/g; phenylbenzimidazole sulfonic acid 15.0mg/g,40,False,False,https://www.tga.gov.au/resources/artg/462448,https://www.ebs.tga.gov.au/servlet/xmlmillr6?dbid=ebs/PublicHTML/pdfStore.nsf&docid=462448&agid=(PrintDetailsPublic)&actionid=1
6,chemical-only,402101,Everyday Humans Oh My Bod! SPF50 Body Sunscreen,James Brus Dewar,,4,butyl methoxydibenzoylmethane; homosalate; octocrylene; octyl salicylate,homosalate 100.0mg/g; octocrylene 80.0mg/g; octyl salicylate 50.0mg/g; butyl methoxydibenzoylmethane 30.0mg/g,50,False,False,https://www.tga.gov.au/resources/artg/402101,https://www.ebs.tga.gov.au/servlet/xmlmillr6?dbid=ebs/PublicHTML/pdfStore.nsf&docid=402101&agid=(PrintDetailsPublic)&actionid=1
6,chemical-only,504848,Everyday Sunscreen,Elari Medical Pty Ltd,,4,butyl methoxydibenzoylmethane; homosalate; octocrylene; octyl salicylate,homosalate 100.0mg/g; butyl methoxydibenzoylmethane 30.0mg/g; octyl salicylate 50.0mg/g; octocrylene 100.0mg/g,,False,False,https://www.tga.gov.au/resources/artg/504848,https://www.ebs.tga.gov.au/servlet/xmlmillr6?dbid=ebs/PublicHTML/pdfStore.nsf&docid=504848&agid=(PrintDetailsPublic)&actionid=1
6,chemical-only,514686,FACE SPF50+ SUNSCREEN FLUID,Bondi Sands Pty Ltd,,4,butyl methoxydibenzoylmethane; homosalate; octocrylene; octyl salicylate,octocrylene 100.0mg/g; homosalate 150.0mg/g; butyl methoxydibenzoylmethane 30.0mg/g; octyl salicylate 50.0mg/g,50,False,False,https://www.tga.gov.au/resources/artg/514686,https://www.ebs.tga.gov.au/servlet/xmlmillr6?dbid=ebs/PublicHTML/pdfStore.nsf&docid=514686&agid=(PrintDetailsPublic)&actionid=1
6,chemical-only,514685,FACE SPF50+ SUNSCREEN MIST,Bondi Sands Pty Ltd,,4,butyl methoxydibenzoylmethane; homosalate; octocrylene; octyl salicylate,homosalate 105.0mg/g; octocrylene 56.0mg/g; octyl salicylate 35.0mg/g; butyl methoxydibenzoylmethane 29.96mg/g,50,False,False,https://www.tga.gov.au/resources/artg/514685,https://www.ebs.tga.gov.au/servlet/xmlmillr6?dbid=ebs/PublicHTML/pdfStore.nsf&docid=514685&agid=(PrintDetailsPublic)&actionid=1
6,chemical-only,421132,FCS Broad Spectrum SPF 50 Sunscreen 2hr Water Resistant,Nexdius Limited,,4,butyl methoxydibenzoylmethane; homosalate; octocrylene; octyl salicylate,octyl salicylate 40.0mg/g; octocrylene 70.0mg/g; homosalate 60.0mg/g; butyl methoxydibenzoylmethane 30.0mg/g,50,False,False,https://www.tga.gov.au/resources/artg/421132,https://www.ebs.tga.gov.au/servlet/xmlmillr6?dbid=ebs/PublicHTML/pdfStore.nsf&docid=421132&agid=(PrintDetailsPublic)&actionid=1
6,chemical-only,341659,Fleur De Mer Cosmeceuticals Very High Protection Sunscreen SPF 50+,Sohume Pty Ltd,,4,butyl methoxydibenzoylmethane; octocrylene; oxybenzone; phenylbenzimidazole sulfonic acid,octocrylene 70.0mg/g; phenylbenzimidazole sulfonic acid 20.0mg/g; oxybenzone 30.0mg/g; butyl methoxydibenzoylmethane 25.0mg/g,50,False,False,https://www.tga.gov.au/resources/artg/341659,https://www.ebs.tga.gov.au/servlet/xmlmillr6?dbid=ebs/PublicHTML/pdfStore.nsf&docid=341659&agid=(PrintDetailsPublic)&actionid=1
6,chemical-only,217884,Fleur De Mer Sunscreen in Foundation Cream SPF 50 Light,Sohume Pty Ltd,,4,butyl methoxydibenzoylmethane; octocrylene; octyl methoxycinnamate; oxybenzone,oxybenzone 40.0mg/g; butyl methoxydibenzoylmethane 50.0mg/g; octyl methoxycinnamate 70.0mg/g; octocrylene 60.0mg/g,50,False,False,https://www.tga.gov.au/resources/artg/217884,https://www.ebs.tga.gov.au/servlet/xmlmillr6?dbid=ebs/PublicHTML/pdfStore.nsf&docid=217884&agid=(PrintDetailsPublic)&actionid=1
6,chemical-only,217886,Fleur De Mer Sunscreen in Foundation Cream SPF 50 Medium,Sohume Pty Ltd,,4,butyl methoxydibenzoylmethane; octocrylene; octyl methoxycinnamate; oxybenzone,octocrylene 60.0mg/g; oxybenzone 40.0mg/g; octyl methoxycinnamate 70.0mg/g; butyl methoxydibenzoylmethane 50.0mg/g,50,False,False,https://www.tga.gov.au/resources/artg/217886,https://www.ebs.tga.gov.au/servlet/xmlmillr6?dbid=ebs/PublicHTML/pdfStore.nsf&docid=217886&agid=(PrintDetailsPublic)&actionid=1
6,chemical-only,217897,Fleur De Mer Sunscreen in Foundation Cream SPF 50 Soft Medium,Sohume Pty Ltd,,4,butyl methoxydibenzoylmethane; octocrylene; octyl methoxycinnamate; oxybenzone,octyl methoxycinnamate 70.0mg/g; oxybenzone 40.0mg/g; butyl methoxydibenzoylmethane 50.0mg/g; octocrylene 60.0mg/g,50,False,False,https://www.tga.gov.au/resources/artg/217897,https://www.ebs.tga.gov.au/servlet/xmlmillr6?dbid=ebs/PublicHTML/pdfStore.nsf&docid=217897&agid=(PrintDetailsPublic)&actionid=1
6,chemical-only,529128,Force360 Heatwave SPF50+ Sunscreen Lip Balm Stick,PRIVATE BRANDS PTY LTD,,5,4-methylbenzylidene camphor; butyl methoxydibenzoylmethane; homosalate; octocrylene; octyl salicylate,octyl salicylate 50.0mg/g; octocrylene 50.0mg/g; 4-methylbenzylidene camphor 40.0mg/g; butyl methoxydibenzoylmethane 40.0mg/g; homosalate 100.0mg/g,50,False,False,https://www.tga.gov.au/resources/artg/529128,https://www.ebs.tga.gov.au/servlet/xmlmillr6?dbid=ebs/PublicHTML/pdfStore.nsf&docid=529128&agid=(PrintDetailsPublic)&actionid=1
6,chemical-only,527781,Force360 Heatwave SPF50+ Sunscreen Lotion,PRIVATE BRANDS PTY LTD,,3,butyl methoxydibenzoylmethane; homosalate; octocrylene,homosalate 80.0mg/g; octocrylene 80.0mg/g; butyl methoxydibenzoylmethane 30.0mg/g,50,False,False,https://www.tga.gov.au/resources/artg/527781,https://www.ebs.tga.gov.au/servlet/xmlmillr6?dbid=ebs/PublicHTML/pdfStore.nsf&docid=527781&agid=(PrintDetailsPublic)&actionid=1
6,chemical-only,527780,Force360 Heatwave SPF50+ Sunscreen Spray,PRIVATE BRANDS PTY LTD,,4,bemotrizinol; butyl methoxydibenzoylmethane; ethylhexyl triazone; octocrylene,butyl methoxydibenzoylmethane 40.0mg/g; ethylhexyl triazone 40.0mg/g; octocrylene 80.0mg/g; bemotrizinol 10.0mg/g,50,False,False,https://www.tga.gov.au/resources/artg/527780,https://www.ebs.tga.gov.au/servlet/xmlmillr6?dbid=ebs/PublicHTML/pdfStore.nsf&docid=527780&agid=(PrintDetailsPublic)&actionid=1
6,chemical-only,427276,Gentle Daily Sunscreen SPF 50 Cream,Yolk SPF,,4,butyl methoxydibenzoylmethane; homosalate; octocrylene; octyl salicylate,homosalate 100.0mg/g; octyl salicylate 50.0mg/g; octocrylene 100.0mg/g; butyl methoxydibenzoylmethane 30.0mg/g,50,False,False,https://www.tga.gov.au/resources/artg/427276,https://www.ebs.tga.gov.au/servlet/xmlmillr6?dbid=ebs/PublicHTML/pdfStore.nsf&docid=427276&agid=(PrintDetailsPublic)&actionid=1
6,chemical-only,456540,Gentle Daily Sunscreen SPF 50 Cream Fragrance Free,Yolk SPF,,4,butyl methoxydibenzoylmethane; homosalate; octocrylene; octyl salicylate,homosalate 100.0mg/g; butyl methoxydibenzoylmethane 30.0mg/g; octyl salicylate 50.0mg/g; octocrylene 100.0mg/g,50,False,False,https://www.tga.gov.au/resources/artg/456540,https://www.ebs.tga.gov.au/servlet/xmlmillr6?dbid=ebs/PublicHTML/pdfStore.nsf&docid=456540&agid=(PrintDetailsPublic)&actionid=1
6,chemical-only,375771,Goat Sunscreen High Protection Dry Touch Sunscreen Lotion SPF 50+,DPP Pharmaceuticals Pty Ltd,,4,butyl methoxydibenzoylmethane; homosalate; octocrylene; octyl salicylate,butyl methoxydibenzoylmethane 40.0mg/g; octocrylene 80.0mg/g; octyl salicylate 50.0mg/g; homosalate 100.0mg/g,50,False,False,https://www.tga.gov.au/resources/artg/375771,https://www.ebs.tga.gov.au/servlet/xmlmillr6?dbid=ebs/PublicHTML/pdfStore.nsf&docid=375771&agid=(PrintDetailsPublic)&actionid=1
6,chemical-only,407091,Good Morning SPF50 Daily Face Sunscreen Lotion,Feel Good and Co Pty Ltd,,4,butyl methoxydibenzoylmethane; homosalate; octocrylene; octyl salicylate,butyl methoxydibenzoylmethane 35.0mg/g; octyl salicylate 50.0mg/g; octocrylene 50.0mg/g; homosalate 100.0mg/g,50,False,False,https://www.tga.gov.au/resources/artg/407091,https://www.ebs.tga.gov.au/servlet/xmlmillr6?dbid=ebs/PublicHTML/pdfStore.nsf&docid=407091&agid=(PrintDetailsPublic)&actionid=1
6,chemical-only,407092,Good Morning SPF50 Daily Face Sunscreen Lotion Fragrance Free,Feel Good and Co Pty Ltd,,4,butyl methoxydibenzoylmethane; homosalate; octocrylene; octyl salicylate,homosalate 100.0mg/g; octyl salicylate 50.0mg/g; butyl methoxydibenzoylmethane 35.0mg/g; octocrylene 50.0mg/g,50,False,False,https://www.tga.gov.au/resources/artg/407092,https://www.ebs.tga.gov.au/servlet/xmlmillr6?dbid=ebs/PublicHTML/pdfStore.nsf&docid=407092&agid=(PrintDetailsPublic)&actionid=1
6,chemical-only,449056,Guardian Everyday Sunscreen Lotion SPF50+,Ross Laboratories Aust Pty Ltd,,3,butyl methoxydibenzoylmethane; homosalate; octocrylene,homosalate 60.0mg/g; octocrylene 80.0mg/g; butyl methoxydibenzoylmethane 30.0mg/g,50,False,False,https://www.tga.gov.au/resources/artg/449056,https://www.ebs.tga.gov.au/servlet/xmlmillr6?dbid=ebs/PublicHTML/pdfStore.nsf&docid=449056&agid=(PrintDetailsPublic)&actionid=1
6,chemical-only,387192,Hawaiian Tropic Island Sport Sunscreen Lotion SPF50+,Edgewell Personal Care Australia Pty Ltd,,6,bemotrizinol; butyl methoxydibenzoylmethane; ethylhexyl triazone; homosalate; octocrylene; octyl salicylate,octocrylene 60.0mg/g; homosalate 80.0mg/g; octyl salicylate 50.0mg/g; butyl methoxydibenzoylmethane 35.0mg/g; ethylhexyl triazone 13.0mg/g; bemotrizinol 10.0mg/g,50,False,False,https://www.tga.gov.au/resources/artg/387192,https://www.ebs.tga.gov.au/servlet/xmlmillr6?dbid=ebs/PublicHTML/pdfStore.nsf&docid=387192&agid=(PrintDetailsPublic)&actionid=1
6,chemical-only,443823,Hawaiian Tropic Silk Hydration Face Fluid Sunscreen Lotion SPF 50+,Edgewell Personal Care Australia Pty Ltd,,6,bemotrizinol; butyl methoxydibenzoylmethane; ethylhexyl triazone; methylene bis-benzotriazolyl tetramethylbutylphenol; octocrylene; octyl salicylate,butyl methoxydibenzoylmethane 50.0mg/g; ethylhexyl triazone 40.0mg/g; octocrylene 80.0mg/g; bemotrizinol 10.0mg/g; methylene bis-benzotriazolyl tetramethylbutylphenol 20.0mg/g; octyl salicylate 50.0mg/g,50,False,False,https://www.tga.gov.au/resources/artg/443823,https://www.ebs.tga.gov.au/servlet/xmlmillr6?dbid=ebs/PublicHTML/pdfStore.nsf&docid=443823&agid=(PrintDetailsPublic)&actionid=1
6,chemical-only,526577,Hawaiian Tropic Silk Hydration Face Fluid Sunscreen Lotion SPF 50+,Edgewell Personal Care Australia Pty Ltd,,6,bemotrizinol; butyl methoxydibenzoylmethane; ethylhexyl triazone; methylene bis-benzotriazolyl tetramethylbutylphenol; octocrylene; octyl salicylate,octocrylene 80.0mg/g; butyl methoxydibenzoylmethane 50.0mg/g; octyl salicylate 50.0mg/g; ethylhexyl triazone 40.0mg/g; methylene bis-benzotriazolyl tetramethylbutylphenol 20.0mg/g; bemotrizinol 10.0mg/g,50,False,False,https://www.tga.gov.au/resources/artg/526577,https://www.ebs.tga.gov.au/servlet/xmlmillr6?dbid=ebs/PublicHTML/pdfStore.nsf&docid=526577&agid=(PrintDetailsPublic)&actionid=1
6,chemical-only,474848,Hawaiian Tropic Silk Hydration Glow Mist Sunscreen Spray SPF50+,Edgewell Personal Care Australia Pty Ltd,,5,bemotrizinol; butyl methoxydibenzoylmethane; ethylhexyl triazone; octocrylene; octyl salicylate,octocrylene 70.0mg/g; octyl salicylate 50.0mg/g; butyl methoxydibenzoylmethane 45.0mg/g; ethylhexyl triazone 40.0mg/g; bemotrizinol 15.0mg/g,50,False,False,https://www.tga.gov.au/resources/artg/474848,https://www.ebs.tga.gov.au/servlet/xmlmillr6?dbid=ebs/PublicHTML/pdfStore.nsf&docid=474848&agid=(PrintDetailsPublic)&actionid=1
6,chemical-only,524107,Hawaiian Tropic Silk Hydration Radiance Face Serum Sunscreen Lotion SPF50,Edgewell Personal Care Australia Pty Ltd,,7,bemotrizinol; butyl methoxydibenzoylmethane; diethylamino hydroxybenzoyl hexyl benzoate; ethylhexyl triazone; octocrylene; octyl salicylate; phenylbenzimidazole sulfonic acid,octyl salicylate 40.0mg/g; phenylbenzimidazole sulfonic acid 40.0mg/g; ethylhexyl triazone 30.0mg/g; octocrylene 20.0mg/g; butyl methoxydibenzoylmethane 20.0mg/g; bemotrizinol 20.0mg/g; diethylamino hydroxybenzoyl hexyl benzoate 10.0mg/g,50,False,False,https://www.tga.gov.au/resources/artg/524107,https://www.ebs.tga.gov.au/servlet/xmlmillr6?dbid=ebs/PublicHTML/pdfStore.nsf&docid=524107&agid=(PrintDetailsPublic)&actionid=1
6,chemical-only,530064,Hawaiian Tropic Silk Hydration Radiance Face Serum Sunscreen Lotion SPF50,Edgewell Personal Care Australia Pty Ltd,,7,bemotrizinol; butyl methoxydibenzoylmethane; diethylamino hydroxybenzoyl hexyl benzoate; ethylhexyl triazone; octocrylene; octyl salicylate; phenylbenzimidazole sulfonic acid,octyl salicylate 40.0mg/g; phenylbenzimidazole sulfonic acid 40.0mg/g; ethylhexyl triazone 30.0mg/g; octocrylene 20.0mg/g; butyl methoxydibenzoylmethane 20.0mg/g; bemotrizinol 20.0mg/g; diethylamino hydroxybenzoyl hexyl benzoate 10.0mg/g,50,False,False,https://www.tga.gov.au/resources/artg/530064,https://www.ebs.tga.gov.au/servlet/xmlmillr6?dbid=ebs/PublicHTML/pdfStore.nsf&docid=530064&agid=(PrintDetailsPublic)&actionid=1
6,chemical-only,357536,Hawaiian Tropic Silk Hydration Sunscreen Lotion SPF 50+,Edgewell Personal Care Australia Pty Ltd,,6,bemotrizinol; butyl methoxydibenzoylmethane; ethylhexyl triazone; homosalate; octocrylene; octyl salicylate,octocrylene 60.0mg/g; homosalate 80.0mg/g; butyl methoxydibenzoylmethane 35.0mg/g; octyl salicylate 50.0mg/g; ethylhexyl triazone 13.0mg/g; bemotrizinol 10.0mg/g,50,False,False,https://www.tga.gov.au/resources/artg/357536,https://www.ebs.tga.gov.au/servlet/xmlmillr6?dbid=ebs/PublicHTML/pdfStore.nsf&docid=357536&agid=(PrintDetailsPublic)&actionid=1
6,chemical-only,366377,Hawaiian Tropic Silk Hydration Sunscreen Spray SPF 50+,Edgewell Personal Care Australia Pty Ltd,,5,4-methylbenzylidene camphor; butyl methoxydibenzoylmethane; homosalate; octocrylene; octyl salicylate,butyl methoxydibenzoylmethane 29.8mg/g; 4-methylbenzylidene camphor 19.9mg/g; octocrylene 35.8mg/g; octyl salicylate 39.8mg/g; homosalate 79.6mg/g,50,False,False,https://www.tga.gov.au/resources/artg/366377,https://www.ebs.tga.gov.au/servlet/xmlmillr6?dbid=ebs/PublicHTML/pdfStore.nsf&docid=366377&agid=(PrintDetailsPublic)&actionid=1
6,chemical-only,526582,Hawaiian Tropic Silk Hydration Sunscreen Spray SPF50,Edgewell Personal Care Australia Pty Ltd,,5,bemotrizinol; butyl methoxydibenzoylmethane; ethylhexyl triazone; octocrylene; octyl salicylate,octocrylene 42.0mg/g; octyl salicylate 30.0mg/g; butyl methoxydibenzoylmethane 27.0mg/g; ethylhexyl triazone 24.0mg/g; bemotrizinol 9.0mg/g,50,False,False,https://www.tga.gov.au/resources/artg/526582,https://www.ebs.tga.gov.au/servlet/xmlmillr6?dbid=ebs/PublicHTML/pdfStore.nsf&docid=526582&agid=(PrintDetailsPublic)&actionid=1
6,chemical-only,370080,Hawaiian Tropic Silk Hydration Very High Protection Sunscreen Lotion SPF 50+ FACE,Edgewell Personal Care Australia Pty Ltd,,6,bemotrizinol; butyl methoxydibenzoylmethane; ethylhexyl triazone; homosalate; methylene bis-benzotriazolyl tetramethylbutylphenol; octocrylene,butyl methoxydibenzoylmethane 50.0mg/g; octocrylene 60.0mg/g; homosalate 80.0mg/g; bemotrizinol 10.0mg/g; ethylhexyl triazone 40.0mg/g; methylene bis-benzotriazolyl tetramethylbutylphenol 20.0mg/g,50,False,False,https://www.tga.gov.au/resources/artg/370080,https://www.ebs.tga.gov.au/servlet/xmlmillr6?dbid=ebs/PublicHTML/pdfStore.nsf&docid=370080&agid=(PrintDetailsPublic)&actionid=1
6,chemical-only,489276,High - Performance Sunscreen Lotion SPF50+,Feel Good and Co Pty Ltd,,5,bemotrizinol; diethylamino hydroxybenzoyl hexyl benzoate; ethylhexyl triazone; octyl salicylate; tris-biphenyl triazine,octyl salicylate 50.0mg/g; diethylamino hydroxybenzoyl hexyl benzoate 40.0mg/g; ethylhexyl triazone 30.0mg/g; bemotrizinol 20.0mg/g; tris-biphenyl triazine 17.0mg/g,50,False,False,https://www.tga.gov.au/resources/artg/489276,https://www.ebs.tga.gov.au/servlet/xmlmillr6?dbid=ebs/PublicHTML/pdfStore.nsf&docid=489276&agid=(PrintDetailsPublic)&actionid=1
6,chemical-only,334459,Hydra UV Protect SPF50+ Face Sunscreen,Bondi Sands Pty Ltd,,4,butyl methoxydibenzoylmethane; homosalate; octocrylene; octyl salicylate,butyl methoxydibenzoylmethane 30.0mg/g; octocrylene 80.0mg/g; octyl salicylate 50.0mg/g; homosalate 100.0mg/g,50,False,False,https://www.tga.gov.au/resources/artg/334459,https://www.ebs.tga.gov.au/servlet/xmlmillr6?dbid=ebs/PublicHTML/pdfStore.nsf&docid=334459&agid=(PrintDetailsPublic)&actionid=1
6,chemical-only,334209,Hydra UV Protect SPF50+ Sunscreen Lotion,Bondi Sands Pty Ltd,,4,4-methylbenzylidene camphor; butyl methoxydibenzoylmethane; ethylhexyl triazone; octocrylene,butyl methoxydibenzoylmethane 40.0mg/g; 4-methylbenzylidene camphor 40.0mg/g; octocrylene 40.0mg/g; ethylhexyl triazone 30.0mg/g,50,False,False,https://www.tga.gov.au/resources/artg/334209,https://www.ebs.tga.gov.au/servlet/xmlmillr6?dbid=ebs/PublicHTML/pdfStore.nsf&docid=334209&agid=(PrintDetailsPublic)&actionid=1
6,chemical-only,445116,Hydrating Body Sunscreen Lotion,Gem Care Products Pty Ltd,,6,bemotrizinol; butyl methoxydibenzoylmethane; ethylhexyl triazone; homosalate; octocrylene; octyl salicylate,bemotrizinol 10.0mg/g; butyl methoxydibenzoylmethane 35.0mg/g; ethylhexyl triazone 13.0mg/g; homosalate 80.0mg/g; octocrylene 60.0mg/g; octyl salicylate 50.0mg/g,,False,False,https://www.tga.gov.au/resources/artg/445116,https://www.ebs.tga.gov.au/servlet/xmlmillr6?dbid=ebs/PublicHTML/pdfStore.nsf&docid=445116&agid=(PrintDetailsPublic)&actionid=1
6,chemical-only,523213,Hydrating Face Fluid Sunscreen SPF50+,Mentholatum Australasia Pty Ltd,,6,butyl methoxydibenzoylmethane; ethylhexyl triazone; methylene bis-benzotriazolyl tetramethylbutylphenol; octocrylene; octyl salicylate; phenylbenzimidazole sulfonic acid,octocrylene 75.0mg/g; octyl salicylate 45.0mg/g; butyl methoxydibenzoylmethane 37.5mg/g; methylene bis-benzotriazolyl tetramethylbutylphenol 15.0mg/g; ethylhexyl triazone 15.0mg/g; phenylbenzimidazole sulfonic acid 14.0mg/g,50,False,False,https://www.tga.gov.au/resources/artg/523213,https://www.ebs.tga.gov.au/servlet/xmlmillr6?dbid=ebs/PublicHTML/pdfStore.nsf&docid=523213&agid=(PrintDetailsPublic)&actionid=1
6,chemical-only,445115,Hydrating Face Sunscreen Lotion,Gem Care Products Pty Ltd,,6,bemotrizinol; butyl methoxydibenzoylmethane; ethylhexyl triazone; homosalate; octocrylene; octyl salicylate,bemotrizinol 10.0mg/g; butyl methoxydibenzoylmethane 35.0mg/g; ethylhexyl triazone 13.0mg/g; homosalate 80.0mg/g; octocrylene 60.0mg/g; octyl salicylate 50.0mg/g,,False,False,https://www.tga.gov.au/resources/artg/445115,https://www.ebs.tga.gov.au/servlet/xmlmillr6?dbid=ebs/PublicHTML/pdfStore.nsf&docid=445115&agid=(PrintDetailsPublic)&actionid=1
6,chemical-only,523216,Hydrating Face Sunscreen SPF50+,Mentholatum Australasia Pty Ltd,,4,butyl methoxydibenzoylmethane; ethylhexyl triazone; octocrylene; octyl salicylate,octocrylene 50.0mg/g; octyl salicylate 45.0mg/g; butyl methoxydibenzoylmethane 30.0mg/g; ethylhexyl triazone 30.0mg/g,50,False,False,https://www.tga.gov.au/resources/artg/523216,https://www.ebs.tga.gov.au/servlet/xmlmillr6?dbid=ebs/PublicHTML/pdfStore.nsf&docid=523216&agid=(PrintDetailsPublic)&actionid=1
6,chemical-only,445113,Hydrating Face Sunscreen Serum,Gem Care Products Pty Ltd,,7,bemotrizinol; butyl methoxydibenzoylmethane; ethylhexyl triazone; homosalate; methylene bis-benzotriazolyl tetramethylbutylphenol; octocrylene; octyl salicylate,bemotrizinol 20.0mg/g; butyl methoxydibenzoylmethane 30.0mg/g; ethylhexyl triazone 15.0mg/g; homosalate 100.0mg/g; octocrylene 80.0mg/g; octyl salicylate 50.0mg/g; methylene bis-benzotriazolyl tetramethylbutylphenol 40.0mg/g,,False,False,https://www.tga.gov.au/resources/artg/445113,https://www.ebs.tga.gov.au/servlet/xmlmillr6?dbid=ebs/PublicHTML/pdfStore.nsf&docid=445113&agid=(PrintDetailsPublic)&actionid=1
6,chemical-only,523215,Hydrating Sunscreen SPF50,Mentholatum Australasia Pty Ltd,,4,butyl methoxydibenzoylmethane; ethylhexyl triazone; octocrylene; octyl salicylate,octocrylene 50.0mg/g; octyl salicylate 45.0mg/g; butyl methoxydibenzoylmethane 30.0mg/g; ethylhexyl triazone 30.0mg/g,50,False,False,https://www.tga.gov.au/resources/artg/523215,https://www.ebs.tga.gov.au/servlet/xmlmillr6?dbid=ebs/PublicHTML/pdfStore.nsf&docid=523215&agid=(PrintDetailsPublic)&actionid=1
6,chemical-only,523212,Hydrating Tinted Face Sunscreen SPF50+,Mentholatum Australasia Pty Ltd,,4,butyl methoxydibenzoylmethane; ethylhexyl triazone; octocrylene; octyl salicylate,octocrylene 50.0mg/g; octyl salicylate 45.0mg/g; butyl methoxydibenzoylmethane 30.0mg/g; ethylhexyl triazone 30.0mg/g,50,False,False,https://www.tga.gov.au/resources/artg/523212,https://www.ebs.tga.gov.au/servlet/xmlmillr6?dbid=ebs/PublicHTML/pdfStore.nsf&docid=523212&agid=(PrintDetailsPublic)&actionid=1
6,chemical-only,451249,INVISIBLE PROTECTION SPF50+ SUNSCREEN,Northside Brands Pty Ltd,,4,butyl methoxydibenzoylmethane; homosalate; octocrylene; octyl salicylate,homosalate 100.0mg/g; octyl salicylate 50.0mg/g; butyl methoxydibenzoylmethane 30.0mg/g; octocrylene 100.0mg/g,50,False,False,https://www.tga.gov.au/resources/artg/451249,https://www.ebs.tga.gov.au/servlet/xmlmillr6?dbid=ebs/PublicHTML/pdfStore.nsf&docid=451249&agid=(PrintDetailsPublic)&actionid=1
6,chemical-only,459547,KAKADU PLUM & COCONUT SUNSCREEN LOTION,in awe Australia,,4,butyl methoxydibenzoylmethane; homosalate; octocrylene; octyl salicylate,homosalate 100.0mg/g; butyl methoxydibenzoylmethane 30.0mg/g; octyl salicylate 50.0mg/g; octocrylene 100.0mg/g,,False,False,https://www.tga.gov.au/resources/artg/459547,https://www.ebs.tga.gov.au/servlet/xmlmillr6?dbid=ebs/PublicHTML/pdfStore.nsf&docid=459547&agid=(PrintDetailsPublic)&actionid=1
6,chemical-only,337977,Kakadu Plum Sunscreen Lotion SPF50+,Feel Good and Co Pty Ltd,,4,butyl methoxydibenzoylmethane; homosalate; octocrylene; octyl salicylate,octyl salicylate 50.0mg/g; octocrylene 80.0mg/g; butyl methoxydibenzoylmethane 40.0mg/g; homosalate 100.0mg/g,50,False,False,https://www.tga.gov.au/resources/artg/337977,https://www.ebs.tga.gov.au/servlet/xmlmillr6?dbid=ebs/PublicHTML/pdfStore.nsf&docid=337977&agid=(PrintDetailsPublic)&actionid=1
6,chemical-only,473710,LIGHT SUNSCREEN LOTION,James Brus Dewar,,4,butyl methoxydibenzoylmethane; homosalate; octocrylene; octyl salicylate,homosalate 100.0mg/g; octocrylene 80.0mg/g; octyl salicylate 50.0mg/g; butyl methoxydibenzoylmethane 30.0mg/g,,False,False,https://www.tga.gov.au/resources/artg/473710,https://www.ebs.tga.gov.au/servlet/xmlmillr6?dbid=ebs/PublicHTML/pdfStore.nsf&docid=473710&agid=(PrintDetailsPublic)&actionid=1
6,chemical-only,477891,Labouns Daily Glow Sunscreen SPF50+,Concept Laboratories Pty Ltd,,4,butyl methoxydibenzoylmethane; homosalate; octocrylene; octyl salicylate,homosalate 100.0mg/g; octocrylene 80.0mg/g; octyl salicylate 50.0mg/g; butyl methoxydibenzoylmethane 30.0mg/g,50,False,False,https://www.tga.gov.au/resources/artg/477891,https://www.ebs.tga.gov.au/servlet/xmlmillr6?dbid=ebs/PublicHTML/pdfStore.nsf&docid=477891&agid=(PrintDetailsPublic)&actionid=1
6,chemical-only,509034,Le Tan Coconut Sunscreen Lotion SPF 15,Heritage Brands Ltd,,4,butyl methoxydibenzoylmethane; homosalate; octocrylene; octyl salicylate,homosalate 100.0mg/g; octocrylene 80.0mg/g; octyl salicylate 50.0mg/g; butyl methoxydibenzoylmethane 30.0mg/g,15,False,False,https://www.tga.gov.au/resources/artg/509034,https://www.ebs.tga.gov.au/servlet/xmlmillr6?dbid=ebs/PublicHTML/pdfStore.nsf&docid=509034&agid=(PrintDetailsPublic)&actionid=1
6,chemical-only,440476,Le Tan Coconut Sunscreen Lotion SPF 50+,Heritage Brands Ltd,,4,4-methylbenzylidene camphor; butyl methoxydibenzoylmethane; ethylhexyl triazone; octocrylene,4-methylbenzylidene camphor 40.0mg/g; octocrylene 40.0mg/g; ethylhexyl triazone 30.0mg/g; butyl methoxydibenzoylmethane 30.0mg/g,50,False,False,https://www.tga.gov.au/resources/artg/440476,https://www.ebs.tga.gov.au/servlet/xmlmillr6?dbid=ebs/PublicHTML/pdfStore.nsf&docid=440476&agid=(PrintDetailsPublic)&actionid=1
6,chemical-only,440478,Le Tan Mango Sunscreen Lotion SPF 50+,Heritage Brands Ltd,,4,4-methylbenzylidene camphor; butyl methoxydibenzoylmethane; ethylhexyl triazone; octocrylene,4-methylbenzylidene camphor 40.0mg/g; octocrylene 40.0mg/g; ethylhexyl triazone 30.0mg/g; butyl methoxydibenzoylmethane 30.0mg/g,50,False,False,https://www.tga.gov.au/resources/artg/440478,https://www.ebs.tga.gov.au/servlet/xmlmillr6?dbid=ebs/PublicHTML/pdfStore.nsf&docid=440478&agid=(PrintDetailsPublic)&actionid=1
6,chemical-only,440479,Le Tan Pineapple Sunscreen Lotion SPF 50+,Heritage Brands Ltd,,4,4-methylbenzylidene camphor; butyl methoxydibenzoylmethane; ethylhexyl triazone; octocrylene,4-methylbenzylidene camphor 40.0mg/g; octocrylene 40.0mg/g; ethylhexyl triazone 30.0mg/g; butyl methoxydibenzoylmethane 30.0mg/g,50,False,False,https://www.tga.gov.au/resources/artg/440479,https://www.ebs.tga.gov.au/servlet/xmlmillr6?dbid=ebs/PublicHTML/pdfStore.nsf&docid=440479&agid=(PrintDetailsPublic)&actionid=1
6,chemical-only,440477,Le Tan Watermelon Sunscreen Lotion SPF 50+,Heritage Brands Ltd,,4,4-methylbenzylidene camphor; butyl methoxydibenzoylmethane; ethylhexyl triazone; octocrylene,4-methylbenzylidene camphor 40.0mg/g; octocrylene 40.0mg/g; ethylhexyl triazone 30.0mg/g; butyl methoxydibenzoylmethane 30.0mg/g,50,False,False,https://www.tga.gov.au/resources/artg/440477,https://www.ebs.tga.gov.au/servlet/xmlmillr6?dbid=ebs/PublicHTML/pdfStore.nsf&docid=440477&agid=(PrintDetailsPublic)&actionid=1
6,chemical-only,442391,Let's Get Tropical Whipped SPF50 Sunscreen,Sundae Body Pty Ltd,,5,bemotrizinol; butyl methoxydibenzoylmethane; ethylhexyl triazone; homosalate; octocrylene,homosalate 90.0mg/g; octocrylene 54.0mg/g; butyl methoxydibenzoylmethane 40.5mg/g; ethylhexyl triazone 36.0mg/g; bemotrizinol 18.0mg/g,50,False,False,https://www.tga.gov.au/resources/artg/442391,https://www.ebs.tga.gov.au/servlet/xmlmillr6?dbid=ebs/PublicHTML/pdfStore.nsf&docid=442391&agid=(PrintDetailsPublic)&actionid=1
6,chemical-only,445114,Lightweight Face Sunscreen Fluid,Gem Care Products Pty Ltd,,6,bemotrizinol; butyl methoxydibenzoylmethane; ethylhexyl triazone; homosalate; methylene bis-benzotriazolyl tetramethylbutylphenol; octocrylene,bemotrizinol 10.0mg/g; butyl methoxydibenzoylmethane 50.0mg/g; ethylhexyl triazone 40.0mg/g; homosalate 80.0mg/g; octocrylene 60.0mg/g; methylene bis-benzotriazolyl tetramethylbutylphenol 20.0mg/g,,False,False,https://www.tga.gov.au/resources/artg/445114,https://www.ebs.tga.gov.au/servlet/xmlmillr6?dbid=ebs/PublicHTML/pdfStore.nsf&docid=445114&agid=(PrintDetailsPublic)&actionid=1
6,chemical-only,424636,MANOLA SPF50+ sports active sunscreen,Manola Pty Ltd,,5,4-methylbenzylidene camphor; butyl methoxydibenzoylmethane; diethylamino hydroxybenzoyl hexyl benzoate; homosalate; octocrylene,homosalate 100.0mg/g; octocrylene 50.0mg/g; butyl methoxydibenzoylmethane 20.0mg/g; diethylamino hydroxybenzoyl hexyl benzoate 15.0mg/g; 4-methylbenzylidene camphor 20.0mg/g,50,False,False,https://www.tga.gov.au/resources/artg/424636,https://www.ebs.tga.gov.au/servlet/xmlmillr6?dbid=ebs/PublicHTML/pdfStore.nsf&docid=424636&agid=(PrintDetailsPublic)&actionid=1
6,chemical-only,366712,MULA Maldives Face and Body Moisturising Sunscreen Lotion SPF50,Baxter Laboratories Pty Ltd,,4,4-methylbenzylidene camphor; butyl methoxydibenzoylmethane; ethylhexyl triazone; octocrylene,ethylhexyl triazone 30.0mg/g; octocrylene 40.0mg/g; 4-methylbenzylidene camphor 40.0mg/g; butyl methoxydibenzoylmethane 30.0mg/g,50,False,False,https://www.tga.gov.au/resources/artg/366712,https://www.ebs.tga.gov.au/servlet/xmlmillr6?dbid=ebs/PublicHTML/pdfStore.nsf&docid=366712&agid=(PrintDetailsPublic)&actionid=1
6,chemical-only,462689,Mango Whipped SPF50 Sunscreen,Sundae Body Pty Ltd,,5,bemotrizinol; butyl methoxydibenzoylmethane; ethylhexyl triazone; homosalate; octocrylene,bemotrizinol 18.0mg/g; octocrylene 54.0mg/g; ethylhexyl triazone 36.0mg/g; butyl methoxydibenzoylmethane 40.5mg/g; homosalate 90.0mg/g,50,False,False,https://www.tga.gov.au/resources/artg/462689,https://www.ebs.tga.gov.au/servlet/xmlmillr6?dbid=ebs/PublicHTML/pdfStore.nsf&docid=462689&agid=(PrintDetailsPublic)&actionid=1
6,chemical-only,303410,Marine Blue Australia SPF50+ Dry Touch Sunscreen Lotion,Marine Blue Australia Pty Ltd,,3,butyl methoxydibenzoylmethane; homosalate; octocrylene,butyl methoxydibenzoylmethane 30.0mg/g; octocrylene 80.0mg/g; homosalate 60.0mg/g,50,False,False,https://www.tga.gov.au/resources/artg/303410,https://www.ebs.tga.gov.au/servlet/xmlmillr6?dbid=ebs/PublicHTML/pdfStore.nsf&docid=303410&agid=(PrintDetailsPublic)&actionid=1
6,chemical-only,492373,Marine Blue Australia SPF50+ Everyday Sunscreen Lotion,Marine Blue Australia Pty Ltd,,3,butyl methoxydibenzoylmethane; homosalate; octocrylene,homosalate 80.0mg/g; octocrylene 80.0mg/g; butyl methoxydibenzoylmethane 30.0mg/g,50,False,False,https://www.tga.gov.au/resources/artg/492373,https://www.ebs.tga.gov.au/servlet/xmlmillr6?dbid=ebs/PublicHTML/pdfStore.nsf&docid=492373&agid=(PrintDetailsPublic)&actionid=1
6,chemical-only,226640,Marine Blue Australia SPF50+ Sunscreen Lotion,Marine Blue Australia Pty Ltd,,4,butyl methoxydibenzoylmethane; homosalate; octocrylene; octyl salicylate,butyl methoxydibenzoylmethane 40.0mg/g; octocrylene 80.0mg/g; octyl salicylate 50.0mg/g; homosalate 100.0mg/g,50,False,False,https://www.tga.gov.au/resources/artg/226640,https://www.ebs.tga.gov.au/servlet/xmlmillr6?dbid=ebs/PublicHTML/pdfStore.nsf&docid=226640&agid=(PrintDetailsPublic)&actionid=1
6,chemical-only,457862,Matte Sunscreen SPF 50,Nexdius Limited,,4,butyl methoxydibenzoylmethane; homosalate; octocrylene; octyl salicylate,butyl methoxydibenzoylmethane 30.0mg/g; octyl salicylate 40.0mg/g; octocrylene 70.0mg/g; homosalate 60.0mg/g,50,False,False,https://www.tga.gov.au/resources/artg/457862,https://www.ebs.tga.gov.au/servlet/xmlmillr6?dbid=ebs/PublicHTML/pdfStore.nsf&docid=457862&agid=(PrintDetailsPublic)&actionid=1
6,chemical-only,291749,Maxi Block Essential SPF50+ Sunscreen Spray,Natuva Pty Ltd,,4,butyl methoxydibenzoylmethane; homosalate; octocrylene; octyl salicylate,butyl methoxydibenzoylmethane 40.0mg/g; octocrylene 80.0mg/g; octyl salicylate 50.0mg/g; homosalate 100.0mg/g,50,False,False,https://www.tga.gov.au/resources/artg/291749,https://www.ebs.tga.gov.au/servlet/xmlmillr6?dbid=ebs/PublicHTML/pdfStore.nsf&docid=291749&agid=(PrintDetailsPublic)&actionid=1
6,chemical-only,305582,Maxiblock Kinder SPF50+ Sunscreen,Natuva Pty Ltd,,4,4-methylbenzylidene camphor; butyl methoxydibenzoylmethane; ethylhexyl triazone; octocrylene,butyl methoxydibenzoylmethane 40.0mg/g; 4-methylbenzylidene camphor 40.0mg/g; octocrylene 40.0mg/g; ethylhexyl triazone 30.0mg/g,50,False,False,https://www.tga.gov.au/resources/artg/305582,https://www.ebs.tga.gov.au/servlet/xmlmillr6?dbid=ebs/PublicHTML/pdfStore.nsf&docid=305582&agid=(PrintDetailsPublic)&actionid=1
6,chemical-only,293925,Melaleuca Sun Shades Every Body Very High Protection Sunscreen Lotion SPF 50+,Melaleuca of Australia and New Zealand Pty Ltd,,4,butyl methoxydibenzoylmethane; homosalate; octocrylene; octyl salicylate,butyl methoxydibenzoylmethane 40.0mg/g; octocrylene 80.0mg/g; octyl salicylate 50.0mg/g; homosalate 100.0mg/g,50,False,False,https://www.tga.gov.au/resources/artg/293925,https://www.ebs.tga.gov.au/servlet/xmlmillr6?dbid=ebs/PublicHTML/pdfStore.nsf&docid=293925&agid=(PrintDetailsPublic)&actionid=1
6,chemical-only,388772,Mnusaal Multi-Protection Sunscreen,Concept Laboratories Pty Ltd,,4,butyl methoxydibenzoylmethane; homosalate; octocrylene; octyl salicylate,homosalate 100.0mg/g; octocrylene 80.0mg/g; octyl salicylate 50.0mg/g; butyl methoxydibenzoylmethane 40.0mg/g,,False,False,https://www.tga.gov.au/resources/artg/388772,https://www.ebs.tga.gov.au/servlet/xmlmillr6?dbid=ebs/PublicHTML/pdfStore.nsf&docid=388772&agid=(PrintDetailsPublic)&actionid=1
6,chemical-only,343308,Moisturising Daily Sunscreen SPF 50 Hydrating,Ultraceuticals Pty Ltd,,5,bemotrizinol; butyl methoxydibenzoylmethane; octocrylene; octyl methoxycinnamate; phenylbenzimidazole sulfonic acid,butyl methoxydibenzoylmethane 40.0mg/g; bemotrizinol 20.0mg/g; octocrylene 40.0mg/g; octyl methoxycinnamate 30.0mg/g; phenylbenzimidazole sulfonic acid 40.0mg/g,50,False,False,https://www.tga.gov.au/resources/artg/343308,https://www.ebs.tga.gov.au/servlet/xmlmillr6?dbid=ebs/PublicHTML/pdfStore.nsf&docid=343308&agid=(PrintDetailsPublic)&actionid=1
6,chemical-only,343257,Moisturising Daily Sunscreen SPF 50 Mattifying,Ultraceuticals Pty Ltd,,5,bemotrizinol; butyl methoxydibenzoylmethane; octocrylene; octyl methoxycinnamate; phenylbenzimidazole sulfonic acid,bemotrizinol 20.0mg/g; octocrylene 40.0mg/g; phenylbenzimidazole sulfonic acid 40.0mg/g; octyl methoxycinnamate 30.0mg/g; butyl methoxydibenzoylmethane 40.0mg/g,50,False,False,https://www.tga.gov.au/resources/artg/343257,https://www.ebs.tga.gov.au/servlet/xmlmillr6?dbid=ebs/PublicHTML/pdfStore.nsf&docid=343257&agid=(PrintDetailsPublic)&actionid=1
6,chemical-only,251012,Moisturising Sunscreen SPF 30  Mattifying,Ultraceuticals Pty Ltd,,5,bemotrizinol; butyl methoxydibenzoylmethane; octocrylene; octyl methoxycinnamate; phenylbenzimidazole sulfonic acid,phenylbenzimidazole sulfonic acid 40.0mg/g; butyl methoxydibenzoylmethane 50.0mg/g; octyl methoxycinnamate 20.0mg/g; octocrylene 30.0mg/g; bemotrizinol 20.0mg/g,30,False,False,https://www.tga.gov.au/resources/artg/251012,https://www.ebs.tga.gov.au/servlet/xmlmillr6?dbid=ebs/PublicHTML/pdfStore.nsf&docid=251012&agid=(PrintDetailsPublic)&actionid=1
6,chemical-only,236265,Moisturising Sunscreen SPF 30 Hydrating,Ultraceuticals Pty Ltd,,5,bemotrizinol; butyl methoxydibenzoylmethane; octocrylene; octyl methoxycinnamate; phenylbenzimidazole sulfonic acid,butyl methoxydibenzoylmethane 50.0mg/g; bemotrizinol 20.0mg/g; octocrylene 30.0mg/g; octyl methoxycinnamate 20.0mg/g; phenylbenzimidazole sulfonic acid 40.0mg/g,30,False,False,https://www.tga.gov.au/resources/artg/236265,https://www.ebs.tga.gov.au/servlet/xmlmillr6?dbid=ebs/PublicHTML/pdfStore.nsf&docid=236265&agid=(PrintDetailsPublic)&actionid=1
6,chemical-only,426673,Moisturising Sunscreen SPF 30 Sheer Tint,Ultraceuticals Pty Ltd,,5,bemotrizinol; butyl methoxydibenzoylmethane; octocrylene; octyl methoxycinnamate; phenylbenzimidazole sulfonic acid,bemotrizinol 20.0mg/g; octocrylene 30.0mg/g; butyl methoxydibenzoylmethane 50.0mg/g; octyl methoxycinnamate 20.0mg/g; phenylbenzimidazole sulfonic acid 40.0mg/g,30,False,False,https://www.tga.gov.au/resources/artg/426673,https://www.ebs.tga.gov.au/servlet/xmlmillr6?dbid=ebs/PublicHTML/pdfStore.nsf&docid=426673&agid=(PrintDetailsPublic)&actionid=1
6,chemical-only,343258,Moisturising Sunscreen SPF 50 Hydrating,Ultraceuticals Pty Ltd,,5,bemotrizinol; butyl methoxydibenzoylmethane; octocrylene; octyl methoxycinnamate; phenylbenzimidazole sulfonic acid,butyl methoxydibenzoylmethane 40.0mg/g; bemotrizinol 20.0mg/g; octocrylene 40.0mg/g; octyl methoxycinnamate 30.0mg/g; phenylbenzimidazole sulfonic acid 40.0mg/g,50,False,False,https://www.tga.gov.au/resources/artg/343258,https://www.ebs.tga.gov.au/servlet/xmlmillr6?dbid=ebs/PublicHTML/pdfStore.nsf&docid=343258&agid=(PrintDetailsPublic)&actionid=1
6,chemical-only,343242,Moisturising Sunscreen SPF 50 Mattifying,Ultraceuticals Pty Ltd,,5,bemotrizinol; butyl methoxydibenzoylmethane; octocrylene; octyl methoxycinnamate; phenylbenzimidazole sulfonic acid,bemotrizinol 20.0mg/g; octocrylene 40.0mg/g; phenylbenzimidazole sulfonic acid 40.0mg/g; octyl methoxycinnamate 30.0mg/g; butyl methoxydibenzoylmethane 40.0mg/g,50,False,False,https://www.tga.gov.au/resources/artg/343242,https://www.ebs.tga.gov.au/servlet/xmlmillr6?dbid=ebs/PublicHTML/pdfStore.nsf&docid=343242&agid=(PrintDetailsPublic)&actionid=1
6,chemical-only,219482,NUTRIMETICS SUN DAYS SUNSCREEN LOTION SPF 50+,Nutrimetics Australia Pty Ltd,,4,butyl methoxydibenzoylmethane; homosalate; octocrylene; octyl salicylate,butyl methoxydibenzoylmethane 40.0mg/g; octocrylene 80.0mg/g; octyl salicylate 50.0mg/g; homosalate 100.0mg/g,50,False,False,https://www.tga.gov.au/resources/artg/219482,https://www.ebs.tga.gov.au/servlet/xmlmillr6?dbid=ebs/PublicHTML/pdfStore.nsf&docid=219482&agid=(PrintDetailsPublic)&actionid=1
6,chemical-only,381405,Naked Sundays Golden Glow Body Sunscreen,Naked Sundays,,4,butyl methoxydibenzoylmethane; homosalate; octocrylene; octyl salicylate,octyl salicylate 50.0mg/g; octocrylene 100.0mg/g; homosalate 100.0mg/g; butyl methoxydibenzoylmethane 30.0mg/g,,False,False,https://www.tga.gov.au/resources/artg/381405,https://www.ebs.tga.gov.au/servlet/xmlmillr6?dbid=ebs/PublicHTML/pdfStore.nsf&docid=381405&agid=(PrintDetailsPublic)&actionid=1
6,chemical-only,383998,Natio Sun Invisible Fluid Facial Sunscreen SPF50+,Natio Pty Ltd,,4,bemotrizinol; butyl methoxydibenzoylmethane; ethylhexyl triazone; octocrylene,ethylhexyl triazone 40.0mg/g; bemotrizinol 10.0mg/g; octocrylene 80.0mg/g; butyl methoxydibenzoylmethane 40.0mg/g,50,False,False,https://www.tga.gov.au/resources/artg/383998,https://www.ebs.tga.gov.au/servlet/xmlmillr6?dbid=ebs/PublicHTML/pdfStore.nsf&docid=383998&agid=(PrintDetailsPublic)&actionid=1
6,chemical-only,444672,Natio Sun Invisible Mist Sunscreen SPF50+,Natio Pty Ltd,,4,butyl methoxydibenzoylmethane; homosalate; octocrylene; octyl salicylate,octocrylene 80.0mg/g; octyl salicylate 50.0mg/g; butyl methoxydibenzoylmethane 30.0mg/g; homosalate 100.0mg/g,50,False,False,https://www.tga.gov.au/resources/artg/444672,https://www.ebs.tga.gov.au/servlet/xmlmillr6?dbid=ebs/PublicHTML/pdfStore.nsf&docid=444672&agid=(PrintDetailsPublic)&actionid=1
6,chemical-only,444671,Natio Sun Invisible Stick Facial Sunscreen SPF 50+,Natio Pty Ltd,,4,butyl methoxydibenzoylmethane; homosalate; octocrylene; octyl salicylate,homosalate 100.0mg/g; octocrylene 80.0mg/g; octyl salicylate 50.0mg/g; butyl methoxydibenzoylmethane 30.0mg/g,50,False,False,https://www.tga.gov.au/resources/artg/444671,https://www.ebs.tga.gov.au/servlet/xmlmillr6?dbid=ebs/PublicHTML/pdfStore.nsf&docid=444671&agid=(PrintDetailsPublic)&actionid=1
6,chemical-only,384000,Natio Sun Quick Dry Moisturising Sunscreen SPF50+,Natio Pty Ltd,,5,butyl methoxydibenzoylmethane; ethylhexyl triazone; homosalate; octocrylene; octyl salicylate,homosalate 100.0mg/g; octocrylene 80.0mg/g; octyl salicylate 50.0mg/g; butyl methoxydibenzoylmethane 40.0mg/g; ethylhexyl triazone 10.0mg/g,50,False,False,https://www.tga.gov.au/resources/artg/384000,https://www.ebs.tga.gov.au/servlet/xmlmillr6?dbid=ebs/PublicHTML/pdfStore.nsf&docid=384000&agid=(PrintDetailsPublic)&actionid=1
6,chemical-only,383997,Natio Sun Ultra Light Sunscreen SPF50+,Natio Pty Ltd,,4,bemotrizinol; butyl methoxydibenzoylmethane; ethylhexyl triazone; octocrylene,butyl methoxydibenzoylmethane 40.0mg/g; ethylhexyl triazone 40.0mg/g; octocrylene 80.0mg/g; bemotrizinol 10.0mg/g,50,False,False,https://www.tga.gov.au/resources/artg/383997,https://www.ebs.tga.gov.au/servlet/xmlmillr6?dbid=ebs/PublicHTML/pdfStore.nsf&docid=383997&agid=(PrintDetailsPublic)&actionid=1
6,chemical-only,462191,Naturally Cooked SPF50+ Sunscreen Lotion,Naturally Cooked Pty Ltd,,4,butyl methoxydibenzoylmethane; homosalate; octocrylene; octyl salicylate,homosalate 100.0mg/g; octocrylene 80.0mg/g; octyl salicylate 50.0mg/g; butyl methoxydibenzoylmethane 40.0mg/g,50,False,False,https://www.tga.gov.au/resources/artg/462191,https://www.ebs.tga.gov.au/servlet/xmlmillr6?dbid=ebs/PublicHTML/pdfStore.nsf&docid=462191&agid=(PrintDetailsPublic)&actionid=1
6,chemical-only,399235,Neutrogena Hydro Boost Face Lotion Sunscreen,Johnson & Johnson Pacific Pty Ltd,,6,bemotrizinol; butyl methoxydibenzoylmethane; ethylhexyl triazone; homosalate; methylene bis-benzotriazolyl tetramethylbutylphenol; octocrylene,octocrylene 60.0mg/g; ethylhexyl triazone 40.0mg/g; bemotrizinol 12.0mg/g; homosalate 80.0mg/g; butyl methoxydibenzoylmethane 50.0mg/g; methylene bis-benzotriazolyl tetramethylbutylphenol 20.0mg/g,,False,False,https://www.tga.gov.au/resources/artg/399235,https://www.ebs.tga.gov.au/servlet/xmlmillr6?dbid=ebs/PublicHTML/pdfStore.nsf&docid=399235&agid=(PrintDetailsPublic)&actionid=1
6,chemical-only,387993,Neutrogena Ultra Sheer Body Lotion Sunscreen,Johnson & Johnson Pacific Pty Ltd,,5,bemotrizinol; butyl methoxydibenzoylmethane; ethylhexyl triazone; homosalate; octocrylene,homosalate 100.0mg/g; octocrylene 65.0mg/g; butyl methoxydibenzoylmethane 50.0mg/g; ethylhexyl triazone 35.0mg/g; bemotrizinol 25.0mg/g,,False,False,https://www.tga.gov.au/resources/artg/387993,https://www.ebs.tga.gov.au/servlet/xmlmillr6?dbid=ebs/PublicHTML/pdfStore.nsf&docid=387993&agid=(PrintDetailsPublic)&actionid=1
6,chemical-only,387994,Neutrogena Ultra Sheer Body Mist Sunscreen Spray,Johnson & Johnson Pacific Pty Ltd,,5,bemotrizinol; butyl methoxydibenzoylmethane; ethylhexyl triazone; homosalate; octocrylene,homosalate 100.0mg/g; octocrylene 100.0mg/g; butyl methoxydibenzoylmethane 45.0mg/g; ethylhexyl triazone 40.0mg/g; bemotrizinol 15.0mg/g,,False,False,https://www.tga.gov.au/resources/artg/387994,https://www.ebs.tga.gov.au/servlet/xmlmillr6?dbid=ebs/PublicHTML/pdfStore.nsf&docid=387994&agid=(PrintDetailsPublic)&actionid=1
6,chemical-only,388472,Neutrogena Ultra Sheer Face Lotion Sunscreen,Johnson & Johnson Pacific Pty Ltd,,6,bemotrizinol; butyl methoxydibenzoylmethane; ethylhexyl triazone; homosalate; octocrylene; octyl salicylate,homosalate 80.0mg/g; octocrylene 60.0mg/g; butyl methoxydibenzoylmethane 35.0mg/g; ethylhexyl triazone 13.0mg/g; bemotrizinol 10.0mg/g; octyl salicylate 50.0mg/g,,False,False,https://www.tga.gov.au/resources/artg/388472,https://www.ebs.tga.gov.au/servlet/xmlmillr6?dbid=ebs/PublicHTML/pdfStore.nsf&docid=388472&agid=(PrintDetailsPublic)&actionid=1
6,chemical-only,387995,Neutrogena Ultra Sheer Fluid Facial Sunscreen,Johnson & Johnson Pacific Pty Ltd,,5,bemotrizinol; butyl methoxydibenzoylmethane; ethylhexyl triazone; homosalate; octocrylene,homosalate 100.0mg/g; octocrylene 60.0mg/g; butyl methoxydibenzoylmethane 45.0mg/g; ethylhexyl triazone 40.0mg/g; bemotrizinol 15.0mg/g,,False,False,https://www.tga.gov.au/resources/artg/387995,https://www.ebs.tga.gov.au/servlet/xmlmillr6?dbid=ebs/PublicHTML/pdfStore.nsf&docid=387995&agid=(PrintDetailsPublic)&actionid=1
6,chemical-only,488906,Neutrogena Ultra Sheer Fluid Sunscreen Age Shield,Johnson & Johnson Pacific Pty Ltd,,4,bemotrizinol; diethylamino hydroxybenzoyl hexyl benzoate; ethylhexyl triazone; methylene bis-benzotriazolyl tetramethylbutylphenol,ethylhexyl triazone 40.0mg/g; diethylamino hydroxybenzoyl hexyl benzoate 40.0mg/g; bemotrizinol 5.0mg/g; methylene bis-benzotriazolyl tetramethylbutylphenol 20.0mg/g,,False,False,https://www.tga.gov.au/resources/artg/488906,https://www.ebs.tga.gov.au/servlet/xmlmillr6?dbid=ebs/PublicHTML/pdfStore.nsf&docid=488906&agid=(PrintDetailsPublic)&actionid=1
6,chemical-only,310426,OUTBACKER INSECT REPELLENT SUNSCREEN LOTION SPF50+,Natuva Pty Ltd,,4,4-methylbenzylidene camphor; bemotrizinol; butyl methoxydibenzoylmethane; octocrylene,butyl methoxydibenzoylmethane 50.0mg/g; 4-methylbenzylidene camphor 40.0mg/g; octocrylene 20.0mg/g; bemotrizinol 10.0mg/g,50,False,False,https://www.tga.gov.au/resources/artg/310426,https://www.ebs.tga.gov.au/servlet/xmlmillr6?dbid=ebs/PublicHTML/pdfStore.nsf&docid=310426&agid=(PrintDetailsPublic)&actionid=1
6,chemical-only,419112,OXX Skincare SPF50+ Sunscreen Face Moisturiser,Ross Laboratories Aust Pty Ltd,,4,bemotrizinol; butyl methoxydibenzoylmethane; ethylhexyl triazone; octocrylene,octocrylene 30.0mg/g; ethylhexyl triazone 50.0mg/g; butyl methoxydibenzoylmethane 50.0mg/g; bemotrizinol 10.0mg/g,50,False,False,https://www.tga.gov.au/resources/artg/419112,https://www.ebs.tga.gov.au/servlet/xmlmillr6?dbid=ebs/PublicHTML/pdfStore.nsf&docid=419112&agid=(PrintDetailsPublic)&actionid=1
6,chemical-only,415717,OXX Skincare SPF50+ Sunscreen Ultra Protection,Ross Laboratories Aust Pty Ltd,,3,butyl methoxydibenzoylmethane; homosalate; octocrylene,homosalate 60.0mg/g; octocrylene 80.0mg/g; butyl methoxydibenzoylmethane 30.0mg/g,50,False,False,https://www.tga.gov.au/resources/artg/415717,https://www.ebs.tga.gov.au/servlet/xmlmillr6?dbid=ebs/PublicHTML/pdfStore.nsf&docid=415717&agid=(PrintDetailsPublic)&actionid=1
6,chemical-only,302487,Oh My Bod! SPF50 Antioxidant Infused Dry Touch Sunscreen,James Brus Dewar,,4,butyl methoxydibenzoylmethane; homosalate; octocrylene; octyl salicylate,butyl methoxydibenzoylmethane 30.0mg/g; octocrylene 80.0mg/g; octyl salicylate 50.0mg/g; homosalate 100.0mg/g,50,False,False,https://www.tga.gov.au/resources/artg/302487,https://www.ebs.tga.gov.au/servlet/xmlmillr6?dbid=ebs/PublicHTML/pdfStore.nsf&docid=302487&agid=(PrintDetailsPublic)&actionid=1
6,chemical-only,328739,Oh My Bod! SPF50 Body Sunscreen,James Brus Dewar,,4,butyl methoxydibenzoylmethane; homosalate; octocrylene; octyl salicylate,butyl methoxydibenzoylmethane 30.0mg/g; octocrylene 80.0mg/g; octyl salicylate 50.0mg/g; homosalate 100.0mg/g,50,False,False,https://www.tga.gov.au/resources/artg/328739,https://www.ebs.tga.gov.au/servlet/xmlmillr6?dbid=ebs/PublicHTML/pdfStore.nsf&docid=328739&agid=(PrintDetailsPublic)&actionid=1
6,chemical-only,330205,Oh My Bod! SPF50 Body Sunscreen (Export),James Brus Dewar,,4,butyl methoxydibenzoylmethane; homosalate; octocrylene; octyl salicylate,butyl methoxydibenzoylmethane 30.0mg/g; octocrylene 80.0mg/g; octyl salicylate 50.0mg/g; homosalate 100.0mg/g,50,False,False,https://www.tga.gov.au/resources/artg/330205,https://www.ebs.tga.gov.au/servlet/xmlmillr6?dbid=ebs/PublicHTML/pdfStore.nsf&docid=330205&agid=(PrintDetailsPublic)&actionid=1
6,chemical-only,350989,Oh My Bod! SPF50 Sunscreen Lotion,James Brus Dewar,,4,butyl methoxydibenzoylmethane; homosalate; octocrylene; octyl salicylate,butyl methoxydibenzoylmethane 30.0mg/g; octocrylene 80.0mg/g; octyl salicylate 50.0mg/g; homosalate 100.0mg/g,50,False,False,https://www.tga.gov.au/resources/artg/350989,https://www.ebs.tga.gov.au/servlet/xmlmillr6?dbid=ebs/PublicHTML/pdfStore.nsf&docid=350989&agid=(PrintDetailsPublic)&actionid=1
6,chemical-only,353750,Oh My Bod! SPF50 Sunscreen Lotion,James Brus Dewar,,4,butyl methoxydibenzoylmethane; homosalate; octocrylene; octyl salicylate,butyl methoxydibenzoylmethane 30.0mg/g; octocrylene 80.0mg/g; octyl salicylate 50.0mg/g; homosalate 100.0mg/g,50,False,False,https://www.tga.gov.au/resources/artg/353750,https://www.ebs.tga.gov.au/servlet/xmlmillr6?dbid=ebs/PublicHTML/pdfStore.nsf&docid=353750&agid=(PrintDetailsPublic)&actionid=1
6,chemical-only,367753,PROBLOC Industrial Strength Sunscreen SPF50+,Paramount Safety Products,,3,butyl methoxydibenzoylmethane; homosalate; octocrylene,butyl methoxydibenzoylmethane 30.0mg/g; octocrylene 80.0mg/g; homosalate 60.0mg/g,50,False,False,https://www.tga.gov.au/resources/artg/367753,https://www.ebs.tga.gov.au/servlet/xmlmillr6?dbid=ebs/PublicHTML/pdfStore.nsf&docid=367753&agid=(PrintDetailsPublic)&actionid=1
6,chemical-only,503927,PROBLOC Industrial Strength Sunscreen SPF50+,Paramount Safety Products,,4,bemotrizinol; butyl methoxydibenzoylmethane; ethylhexyl triazone; octocrylene,butyl methoxydibenzoylmethane 40.0mg/g; ethylhexyl triazone 40.0mg/g; octocrylene 80.0mg/g; bemotrizinol 10.0mg/g,50,False,False,https://www.tga.gov.au/resources/artg/503927,https://www.ebs.tga.gov.au/servlet/xmlmillr6?dbid=ebs/PublicHTML/pdfStore.nsf&docid=503927&agid=(PrintDetailsPublic)&actionid=1
6,chemical-only,335910,PROBLOC Sunscreen SPF50+,Paramount Safety Products,,5,butyl methoxydibenzoylmethane; homosalate; octocrylene; octyl salicylate; oxybenzone,homosalate 30.0mg/g; octyl salicylate 30.0mg/g; butyl methoxydibenzoylmethane 30.0mg/g; octocrylene 30.0mg/g; oxybenzone 20.0mg/g,50,False,False,https://www.tga.gov.au/resources/artg/335910,https://www.ebs.tga.gov.au/servlet/xmlmillr6?dbid=ebs/PublicHTML/pdfStore.nsf&docid=335910&agid=(PrintDetailsPublic)&actionid=1
6,chemical-only,316146,PROPAIRA DRY TOUCH SUNSCREEN SPF50+,Propaira Pty Ltd,,4,butyl methoxydibenzoylmethane; homosalate; octocrylene; octyl salicylate,butyl methoxydibenzoylmethane 40.0mg/g; octocrylene 80.0mg/g; octyl salicylate 50.0mg/g; homosalate 100.0mg/g,50,False,False,https://www.tga.gov.au/resources/artg/316146,https://www.ebs.tga.gov.au/servlet/xmlmillr6?dbid=ebs/PublicHTML/pdfStore.nsf&docid=316146&agid=(PrintDetailsPublic)&actionid=1
6,chemical-only,467786,PROPAIRA FLUID SUNSCREEN SPF50+,Propaira Pty Ltd,,6,bemotrizinol; butyl methoxydibenzoylmethane; disodium phenyl dibenzimidazole tetrasulfonate; ethylhexyl triazone; methylene bis-benzotriazolyl tetramethylbutylphenol; octyl salicylate,octyl salicylate 45.0mg/g; ethylhexyl triazone 30.0mg/g; disodium phenyl dibenzimidazole tetrasulfonate 26.0mg/g; bemotrizinol 25.0mg/g; butyl methoxydibenzoylmethane 20.0mg/g; methylene bis-benzotriazolyl tetramethylbutylphenol 20.0mg/g,50,False,False,https://www.tga.gov.au/resources/artg/467786,https://www.ebs.tga.gov.au/servlet/xmlmillr6?dbid=ebs/PublicHTML/pdfStore.nsf&docid=467786&agid=(PrintDetailsPublic)&actionid=1
6,chemical-only,224936,Pharmacy Choice Dry Touch SPF50+ Sunscreen Lotion,Symbion Pty Ltd,,4,butyl methoxydibenzoylmethane; homosalate; octocrylene; octyl salicylate,butyl methoxydibenzoylmethane 40.0mg/g; octocrylene 80.0mg/g; octyl salicylate 50.0mg/g; homosalate 100.0mg/g,50,False,False,https://www.tga.gov.au/resources/artg/224936,https://www.ebs.tga.gov.au/servlet/xmlmillr6?dbid=ebs/PublicHTML/pdfStore.nsf&docid=224936&agid=(PrintDetailsPublic)&actionid=1
6,chemical-only,224938,Pharmacy Choice Dry Touch SPF50+ Sunscreen Spray,Symbion Pty Ltd,,4,butyl methoxydibenzoylmethane; homosalate; octocrylene; octyl salicylate,butyl methoxydibenzoylmethane 40.0mg/g; octocrylene 80.0mg/g; octyl salicylate 50.0mg/g; homosalate 100.0mg/g,50,False,False,https://www.tga.gov.au/resources/artg/224938,https://www.ebs.tga.gov.au/servlet/xmlmillr6?dbid=ebs/PublicHTML/pdfStore.nsf&docid=224938&agid=(PrintDetailsPublic)&actionid=1
6,chemical-only,388478,Pharmacy Health Everyday Sunscreen Lotion SPF50+ (new formula),Ross Laboratories Aust Pty Ltd,,3,butyl methoxydibenzoylmethane; homosalate; octocrylene,octocrylene 80.0mg/g; butyl methoxydibenzoylmethane 30.0mg/g; homosalate 60.0mg/g,50,False,False,https://www.tga.gov.au/resources/artg/388478,https://www.ebs.tga.gov.au/servlet/xmlmillr6?dbid=ebs/PublicHTML/pdfStore.nsf&docid=388478&agid=(PrintDetailsPublic)&actionid=1
6,chemical-only,443782,Pharmacy Health Face Sunscreen SPF50+,Ross Laboratories Aust Pty Ltd,,4,bemotrizinol; butyl methoxydibenzoylmethane; ethylhexyl triazone; octocrylene,octocrylene 30.0mg/g; ethylhexyl triazone 50.0mg/g; butyl methoxydibenzoylmethane 50.0mg/g; bemotrizinol 10.0mg/g,50,False,False,https://www.tga.gov.au/resources/artg/443782,https://www.ebs.tga.gov.au/servlet/xmlmillr6?dbid=ebs/PublicHTML/pdfStore.nsf&docid=443782&agid=(PrintDetailsPublic)&actionid=1
6,chemical-only,444693,Pharmacy Health Face Tinted Sunscreen SPF50+,Ross Laboratories Aust Pty Ltd,,4,bemotrizinol; butyl methoxydibenzoylmethane; ethylhexyl triazone; octocrylene,octocrylene 30.0mg/g; ethylhexyl triazone 50.0mg/g; butyl methoxydibenzoylmethane 50.0mg/g; bemotrizinol 10.0mg/g,50,False,False,https://www.tga.gov.au/resources/artg/444693,https://www.ebs.tga.gov.au/servlet/xmlmillr6?dbid=ebs/PublicHTML/pdfStore.nsf&docid=444693&agid=(PrintDetailsPublic)&actionid=1
6,chemical-only,462686,Pineapple Whipped SPF50 Sunscreen,Sundae Body Pty Ltd,,5,bemotrizinol; butyl methoxydibenzoylmethane; ethylhexyl triazone; homosalate; octocrylene,bemotrizinol 18.0mg/g; octocrylene 54.0mg/g; ethylhexyl triazone 36.0mg/g; butyl methoxydibenzoylmethane 40.5mg/g; homosalate 90.0mg/g,50,False,False,https://www.tga.gov.au/resources/artg/462686,https://www.ebs.tga.gov.au/servlet/xmlmillr6?dbid=ebs/PublicHTML/pdfStore.nsf&docid=462686&agid=(PrintDetailsPublic)&actionid=1
6,chemical-only,433594,Plunkett's Hi Protection Aloe Vera Broad Spectrum Sunscreen SPF 40,Sunspot Products Pty Ltd,,4,bemotrizinol; butyl methoxydibenzoylmethane; octocrylene; phenylbenzimidazole sulfonic acid,bemotrizinol 20.0mg/g; phenylbenzimidazole sulfonic acid 20.0mg/g; octocrylene 70.0mg/g; butyl methoxydibenzoylmethane 25.0mg/g,40,False,False,https://www.tga.gov.au/resources/artg/433594,https://www.ebs.tga.gov.au/servlet/xmlmillr6?dbid=ebs/PublicHTML/pdfStore.nsf&docid=433594&agid=(PrintDetailsPublic)&actionid=1
6,chemical-only,453868,Plunkett's Hi-Potency Aloe Vera Broad Spectrum Sunscreen SPF 50+,Sunspot Products Pty Ltd,,4,bemotrizinol; butyl methoxydibenzoylmethane; octocrylene; phenylbenzimidazole sulfonic acid,phenylbenzimidazole sulfonic acid 20.0mg/g; butyl methoxydibenzoylmethane 25.0mg/g; octocrylene 70.0mg/g; bemotrizinol 20.0mg/g,50,False,False,https://www.tga.gov.au/resources/artg/453868,https://www.ebs.tga.gov.au/servlet/xmlmillr6?dbid=ebs/PublicHTML/pdfStore.nsf&docid=453868&agid=(PrintDetailsPublic)&actionid=1
6,chemical-only,298106,Premax Sports Sunscreen SPF50+,Premax Pty Ltd,,5,butyl methoxydibenzoylmethane; homosalate; octocrylene; octyl salicylate; oxybenzone,butyl methoxydibenzoylmethane 35.0mg/g; oxybenzone 30.0mg/g; octocrylene 50.0mg/g; octyl salicylate 50.0mg/g; homosalate 100.0mg/g,50,False,False,https://www.tga.gov.au/resources/artg/298106,https://www.ebs.tga.gov.au/servlet/xmlmillr6?dbid=ebs/PublicHTML/pdfStore.nsf&docid=298106&agid=(PrintDetailsPublic)&actionid=1
6,chemical-only,388481,Priceline Everyday Sunscreen Lotion SPF50+ (new formula),Ross Laboratories Aust Pty Ltd,,3,butyl methoxydibenzoylmethane; homosalate; octocrylene,octocrylene 80.0mg/g; butyl methoxydibenzoylmethane 30.0mg/g; homosalate 60.0mg/g,50,False,False,https://www.tga.gov.au/resources/artg/388481,https://www.ebs.tga.gov.au/servlet/xmlmillr6?dbid=ebs/PublicHTML/pdfStore.nsf&docid=388481&agid=(PrintDetailsPublic)&actionid=1
6,chemical-only,443781,Priceline Face Sunscreen SPF50+,Ross Laboratories Aust Pty Ltd,,4,bemotrizinol; butyl methoxydibenzoylmethane; ethylhexyl triazone; octocrylene,octocrylene 30.0mg/g; ethylhexyl triazone 50.0mg/g; butyl methoxydibenzoylmethane 50.0mg/g; bemotrizinol 10.0mg/g,50,False,False,https://www.tga.gov.au/resources/artg/443781,https://www.ebs.tga.gov.au/servlet/xmlmillr6?dbid=ebs/PublicHTML/pdfStore.nsf&docid=443781&agid=(PrintDetailsPublic)&actionid=1
6,chemical-only,444692,Priceline Face Tinted Sunscreen SPF50+,Ross Laboratories Aust Pty Ltd,,4,bemotrizinol; butyl methoxydibenzoylmethane; ethylhexyl triazone; octocrylene,octocrylene 30.0mg/g; ethylhexyl triazone 50.0mg/g; butyl methoxydibenzoylmethane 50.0mg/g; bemotrizinol 10.0mg/g,50,False,False,https://www.tga.gov.au/resources/artg/444692,https://www.ebs.tga.gov.au/servlet/xmlmillr6?dbid=ebs/PublicHTML/pdfStore.nsf&docid=444692&agid=(PrintDetailsPublic)&actionid=1
6,chemical-only,366935,Promo Brands SPF50+ Sunscreen Lotion,Ross Laboratories Aust Pty Ltd,,3,butyl methoxydibenzoylmethane; homosalate; octocrylene,butyl methoxydibenzoylmethane 30.0mg/g; octocrylene 80.0mg/g; homosalate 60.0mg/g,50,False,False,https://www.tga.gov.au/resources/artg/366935,https://www.ebs.tga.gov.au/servlet/xmlmillr6?dbid=ebs/PublicHTML/pdfStore.nsf&docid=366935&agid=(PrintDetailsPublic)&actionid=1
6,chemical-only,251572,Propaira Sunscreen SPF50+,Propaira Pty Ltd,,4,butyl methoxydibenzoylmethane; homosalate; octocrylene; octyl salicylate,butyl methoxydibenzoylmethane 40.0mg/g; octocrylene 80.0mg/g; octyl salicylate 50.0mg/g; homosalate 100.0mg/g,50,False,False,https://www.tga.gov.au/resources/artg/251572,https://www.ebs.tga.gov.au/servlet/xmlmillr6?dbid=ebs/PublicHTML/pdfStore.nsf&docid=251572&agid=(PrintDetailsPublic)&actionid=1
6,chemical-only,304613,Propaira Tinted Sunscreen SPF50+,Propaira Pty Ltd,,4,4-methylbenzylidene camphor; butyl methoxydibenzoylmethane; ethylhexyl triazone; octocrylene,butyl methoxydibenzoylmethane 40.0mg/g; 4-methylbenzylidene camphor 40.0mg/g; octocrylene 40.0mg/g; ethylhexyl triazone 30.0mg/g,50,False,False,https://www.tga.gov.au/resources/artg/304613,https://www.ebs.tga.gov.au/servlet/xmlmillr6?dbid=ebs/PublicHTML/pdfStore.nsf&docid=304613&agid=(PrintDetailsPublic)&actionid=1
6,chemical-only,422730,Quick SPF 50 Screen 2 in 1 Whipped Sunscreen & Body Moisturiser Mousse,The Quick Flick Pty Ltd,,5,bemotrizinol; butyl methoxydibenzoylmethane; ethylhexyl triazone; homosalate; octocrylene,bemotrizinol 18.0mg/g; octocrylene 54.0mg/g; ethylhexyl triazone 36.0mg/g; butyl methoxydibenzoylmethane 40.5mg/g; homosalate 90.0mg/g,50,False,False,https://www.tga.gov.au/resources/artg/422730,https://www.ebs.tga.gov.au/servlet/xmlmillr6?dbid=ebs/PublicHTML/pdfStore.nsf&docid=422730&agid=(PrintDetailsPublic)&actionid=1
6,chemical-only,351747,REEF SPF 15 SUNSCREEN,iNova Pharmaceuticals (Australia) Pty Ltd,,3,butyl methoxydibenzoylmethane; homosalate; octocrylene,homosalate 40.0mg/g; butyl methoxydibenzoylmethane 20.0mg/g; octocrylene 20.0mg/g,15,False,False,https://www.tga.gov.au/resources/artg/351747,https://www.ebs.tga.gov.au/servlet/xmlmillr6?dbid=ebs/PublicHTML/pdfStore.nsf&docid=351747&agid=(PrintDetailsPublic)&actionid=1
6,chemical-only,286983,REEF SPF 15 SUNSCREEN spray,iNova Pharmaceuticals (Australia) Pty Ltd,,3,butyl methoxydibenzoylmethane; homosalate; octocrylene,octocrylene 20.0mg/g; homosalate 80.0mg/g; butyl methoxydibenzoylmethane 25.0mg/g,15,False,False,https://www.tga.gov.au/resources/artg/286983,https://www.ebs.tga.gov.au/servlet/xmlmillr6?dbid=ebs/PublicHTML/pdfStore.nsf&docid=286983&agid=(PrintDetailsPublic)&actionid=1
6,chemical-only,287033,REEF SPF 30 SUNSCREEN,iNova Pharmaceuticals (Australia) Pty Ltd,,4,butyl methoxydibenzoylmethane; homosalate; octocrylene; octyl salicylate,octocrylene 20.0mg/g; octyl salicylate 50.0mg/g; butyl methoxydibenzoylmethane 35.0mg/g; homosalate 100.0mg/g,30,False,False,https://www.tga.gov.au/resources/artg/287033,https://www.ebs.tga.gov.au/servlet/xmlmillr6?dbid=ebs/PublicHTML/pdfStore.nsf&docid=287033&agid=(PrintDetailsPublic)&actionid=1
6,chemical-only,354911,REEF SPF 50+ SUNSCREEN spray,iNova Pharmaceuticals (Australia) Pty Ltd,,5,4-methylbenzylidene camphor; butyl methoxydibenzoylmethane; homosalate; octocrylene; octyl salicylate,butyl methoxydibenzoylmethane 40.0mg/g; 4-methylbenzylidene camphor 10.0mg/g; octocrylene 100.0mg/g; homosalate 100.0mg/g; octyl salicylate 50.0mg/g,50,False,False,https://www.tga.gov.au/resources/artg/354911,https://www.ebs.tga.gov.au/servlet/xmlmillr6?dbid=ebs/PublicHTML/pdfStore.nsf&docid=354911&agid=(PrintDetailsPublic)&actionid=1
6,chemical-only,307204,RID LIVING PROTECT SPF50+ EVERYDAY SUNSCREEN LOTION,Cavalieri Unit Trust,,6,bemotrizinol; butyl methoxydibenzoylmethane; ethylhexyl triazone; homosalate; octocrylene; octyl salicylate,butyl methoxydibenzoylmethane 35.0mg/g; octocrylene 40.0mg/g; octyl salicylate 50.0mg/g; homosalate 100.0mg/g; bemotrizinol 4.0mg/g; ethylhexyl triazone 6.0mg/g,50,False,False,https://www.tga.gov.au/resources/artg/307204,https://www.ebs.tga.gov.au/servlet/xmlmillr6?dbid=ebs/PublicHTML/pdfStore.nsf&docid=307204&agid=(PrintDetailsPublic)&actionid=1
6,chemical-only,529378,Rayo SPF50+ Hydrating Facial Sunscreen Lotion,Rayo Sunscreen Pty Ltd,,3,bemotrizinol; diethylamino hydroxybenzoyl hexyl benzoate; ethylhexyl triazone,bemotrizinol 10.0mg/g; diethylamino hydroxybenzoyl hexyl benzoate 50.0mg/g; ethylhexyl triazone 50.0mg/g,50,False,False,https://www.tga.gov.au/resources/artg/529378,https://www.ebs.tga.gov.au/servlet/xmlmillr6?dbid=ebs/PublicHTML/pdfStore.nsf&docid=529378&agid=(PrintDetailsPublic)&actionid=1
6,chemical-only,445835,Reef SPF 50+ Sunscreen,iNova Pharmaceuticals (Australia) Pty Ltd,,5,4-methylbenzylidene camphor; butyl methoxydibenzoylmethane; homosalate; octocrylene; octyl salicylate,butyl methoxydibenzoylmethane 40.0mg/g; 4-methylbenzylidene camphor 10.0mg/g; octocrylene 100.0mg/g; homosalate 100.0mg/g; octyl salicylate 50.0mg/g,50,False,False,https://www.tga.gov.au/resources/artg/445835,https://www.ebs.tga.gov.au/servlet/xmlmillr6?dbid=ebs/PublicHTML/pdfStore.nsf&docid=445835&agid=(PrintDetailsPublic)&actionid=1
6,chemical-only,367091,Resting Beach Face SPF 30 Sunscreen Serum,James Brus Dewar,,4,butyl methoxydibenzoylmethane; homosalate; octocrylene; octyl salicylate,butyl methoxydibenzoylmethane 30.0mg/g; octocrylene 20.0mg/g; octyl salicylate 40.0mg/g; homosalate 80.0mg/g,30,False,False,https://www.tga.gov.au/resources/artg/367091,https://www.ebs.tga.gov.au/servlet/xmlmillr6?dbid=ebs/PublicHTML/pdfStore.nsf&docid=367091&agid=(PrintDetailsPublic)&actionid=1
6,chemical-only,302486,Resting Beach Face SPF30 Anti-Pollution Sunscreen Serum,James Brus Dewar,,4,butyl methoxydibenzoylmethane; homosalate; octocrylene; octyl salicylate,butyl methoxydibenzoylmethane 30.0mg/g; octocrylene 20.0mg/g; octyl salicylate 40.0mg/g; homosalate 80.0mg/g,30,False,False,https://www.tga.gov.au/resources/artg/302486,https://www.ebs.tga.gov.au/servlet/xmlmillr6?dbid=ebs/PublicHTML/pdfStore.nsf&docid=302486&agid=(PrintDetailsPublic)&actionid=1
6,chemical-only,326961,Resting Beach Face SPF30 Sunscreen Serum,James Brus Dewar,,4,butyl methoxydibenzoylmethane; homosalate; octocrylene; octyl salicylate,butyl methoxydibenzoylmethane 30.0mg/g; octocrylene 20.0mg/g; octyl salicylate 40.0mg/g; homosalate 80.0mg/g,30,False,False,https://www.tga.gov.au/resources/artg/326961,https://www.ebs.tga.gov.au/servlet/xmlmillr6?dbid=ebs/PublicHTML/pdfStore.nsf&docid=326961&agid=(PrintDetailsPublic)&actionid=1
6,chemical-only,350480,Resting Beach Face SPF30 Sunscreen Serum,James Brus Dewar,,4,butyl methoxydibenzoylmethane; homosalate; octocrylene; octyl salicylate,butyl methoxydibenzoylmethane 30.0mg/g; octocrylene 20.0mg/g; octyl salicylate 40.0mg/g; homosalate 80.0mg/g,30,False,False,https://www.tga.gov.au/resources/artg/350480,https://www.ebs.tga.gov.au/servlet/xmlmillr6?dbid=ebs/PublicHTML/pdfStore.nsf&docid=350480&agid=(PrintDetailsPublic)&actionid=1
6,chemical-only,329920,Resting Beach Face SPF30 Sunscreen Serum (Export),James Brus Dewar,,4,butyl methoxydibenzoylmethane; homosalate; octocrylene; octyl salicylate,butyl methoxydibenzoylmethane 30.0mg/g; octocrylene 20.0mg/g; octyl salicylate 40.0mg/g; homosalate 80.0mg/g,30,False,False,https://www.tga.gov.au/resources/artg/329920,https://www.ebs.tga.gov.au/servlet/xmlmillr6?dbid=ebs/PublicHTML/pdfStore.nsf&docid=329920&agid=(PrintDetailsPublic)&actionid=1
6,chemical-only,484889,Rip Curl The Surfers Sunscreen SPF50+,Balco Brands Pty Ltd,,5,bemotrizinol; diethylamino hydroxybenzoyl hexyl benzoate; ethylhexyl triazone; octyl salicylate; tris-biphenyl triazine,octyl salicylate 50.0mg/g; diethylamino hydroxybenzoyl hexyl benzoate 40.0mg/g; ethylhexyl triazone 30.0mg/g; bemotrizinol 20.0mg/g; tris-biphenyl triazine 17.0mg/g,50,False,False,https://www.tga.gov.au/resources/artg/484889,https://www.ebs.tga.gov.au/servlet/xmlmillr6?dbid=ebs/PublicHTML/pdfStore.nsf&docid=484889&agid=(PrintDetailsPublic)&actionid=1
6,chemical-only,444355,SCREEN SAVER SPF30 BROAD SPECTRUM FACIAL SUNSCREEN,Mecca Brands Distribution Pty Ltd,,4,bemotrizinol; butyl methoxydibenzoylmethane; ethylhexyl triazone; octocrylene,butyl methoxydibenzoylmethane 50.0mg/g; octocrylene 30.0mg/g; ethylhexyl triazone 50.0mg/g; bemotrizinol 10.0mg/g,30,False,False,https://www.tga.gov.au/resources/artg/444355,https://www.ebs.tga.gov.au/servlet/xmlmillr6?dbid=ebs/PublicHTML/pdfStore.nsf&docid=444355&agid=(PrintDetailsPublic)&actionid=1
6,chemical-only,524386,SHEER GLOW SUNSCREEN GEL BROAD SPECTRUM SPF 50,Bali Body Pty Ltd,,4,butyl methoxydibenzoylmethane; homosalate; octocrylene; octyl salicylate,homosalate 150.0mg/g; octocrylene 100.0mg/g; octyl salicylate 50.0mg/g; butyl methoxydibenzoylmethane 30.0mg/g,50,False,False,https://www.tga.gov.au/resources/artg/524386,https://www.ebs.tga.gov.au/servlet/xmlmillr6?dbid=ebs/PublicHTML/pdfStore.nsf&docid=524386&agid=(PrintDetailsPublic)&actionid=1
6,chemical-only,450069,SPF 50 DRY TOUCH HIGH PROTECTION SUNSCREEN LOTION,The Skincare Company,,5,bemotrizinol; butyl methoxydibenzoylmethane; ethylhexyl triazone; octocrylene; octyl salicylate,butyl methoxydibenzoylmethane 30.0mg/g; octyl salicylate 50.0mg/g; octocrylene 50.0mg/g; ethylhexyl triazone 40.0mg/g; bemotrizinol 20.0mg/g,50,False,False,https://www.tga.gov.au/resources/artg/450069,https://www.ebs.tga.gov.au/servlet/xmlmillr6?dbid=ebs/PublicHTML/pdfStore.nsf&docid=450069&agid=(PrintDetailsPublic)&actionid=1
6,chemical-only,517597,SPF 50 SHEER GLOW SUNSCREEN GEL,Bali Body Pty Ltd,,5,bemotrizinol; butyl methoxydibenzoylmethane; ethylhexyl triazone; octocrylene; octyl salicylate,octocrylene 80.0mg/g; octyl salicylate 50.0mg/g; butyl methoxydibenzoylmethane 40.0mg/g; ethylhexyl triazone 30.0mg/g; bemotrizinol 10.0mg/g,50,False,False,https://www.tga.gov.au/resources/artg/517597,https://www.ebs.tga.gov.au/servlet/xmlmillr6?dbid=ebs/PublicHTML/pdfStore.nsf&docid=517597&agid=(PrintDetailsPublic)&actionid=1
6,chemical-only,445121,SPF 50+ Face & Body Sunscreen Lotion,Allkinds Pty Ltd,,5,bemotrizinol; diethylamino hydroxybenzoyl hexyl benzoate; ethylhexyl triazone; octyl salicylate; tris-biphenyl triazine,octyl salicylate 50.0mg/g; diethylamino hydroxybenzoyl hexyl benzoate 40.0mg/g; ethylhexyl triazone 30.0mg/g; bemotrizinol 20.0mg/g; tris-biphenyl triazine 17.0mg/g,50,False,False,https://www.tga.gov.au/resources/artg/445121,https://www.ebs.tga.gov.au/servlet/xmlmillr6?dbid=ebs/PublicHTML/pdfStore.nsf&docid=445121&agid=(PrintDetailsPublic)&actionid=1
6,chemical-only,445120,SPF 50+ Face Sunscreen Serum,Allkinds Pty Ltd,,6,bemotrizinol; butyl methoxydibenzoylmethane; ethylhexyl triazone; homosalate; octyl salicylate; phenylbenzimidazole sulfonic acid,homosalate 100.0mg/g; octyl salicylate 50.0mg/g; butyl methoxydibenzoylmethane 30.0mg/g; bemotrizinol 30.0mg/g; ethylhexyl triazone 20.0mg/g; phenylbenzimidazole sulfonic acid 15.0mg/g,50,False,False,https://www.tga.gov.au/resources/artg/445120,https://www.ebs.tga.gov.au/servlet/xmlmillr6?dbid=ebs/PublicHTML/pdfStore.nsf&docid=445120&agid=(PrintDetailsPublic)&actionid=1
6,chemical-only,505037,SPF 50+ Hydrating Body Sunscreen with Macadamia Oil,Devcos International Pty Ltd,,6,bemotrizinol; butyl methoxydibenzoylmethane; ethylhexyl triazone; homosalate; octocrylene; octyl salicylate,homosalate 80.0mg/g; octocrylene 60.0mg/g; octyl salicylate 50.0mg/g; butyl methoxydibenzoylmethane 35.0mg/g; ethylhexyl triazone 13.0mg/g; bemotrizinol 10.0mg/g,50,False,False,https://www.tga.gov.au/resources/artg/505037,https://www.ebs.tga.gov.au/servlet/xmlmillr6?dbid=ebs/PublicHTML/pdfStore.nsf&docid=505037&agid=(PrintDetailsPublic)&actionid=1
6,chemical-only,419296,SPF 50+ Invisible Sunscreen,MCoBeauty,,4,butyl methoxydibenzoylmethane; homosalate; octocrylene; octyl salicylate,octocrylene 100.0mg/g; homosalate 100.0mg/g; butyl methoxydibenzoylmethane 30.0mg/g; octyl salicylate 50.0mg/g,50,False,False,https://www.tga.gov.au/resources/artg/419296,https://www.ebs.tga.gov.au/servlet/xmlmillr6?dbid=ebs/PublicHTML/pdfStore.nsf&docid=419296&agid=(PrintDetailsPublic)&actionid=1
6,chemical-only,526389,SPF 50+ Sunscreen,Pacific Life Sciences Pty Ltd,,5,bemotrizinol; butyl methoxydibenzoylmethane; ethylhexyl triazone; homosalate; tris-biphenyl triazine,homosalate 70.0mg/g; butyl methoxydibenzoylmethane 30.0mg/g; ethylhexyl triazone 5.0mg/g; bemotrizinol 30.0mg/g; tris-biphenyl triazine 25.0mg/g,50,False,False,https://www.tga.gov.au/resources/artg/526389,https://www.ebs.tga.gov.au/servlet/xmlmillr6?dbid=ebs/PublicHTML/pdfStore.nsf&docid=526389&agid=(PrintDetailsPublic)&actionid=1
6,chemical-only,528474,SPF 50+ Sunscreen Spray,Sunlife Products Pty Ltd,,4,butyl methoxydibenzoylmethane; homosalate; octocrylene; octyl salicylate,homosalate 100.0mg/g; octocrylene 80.0mg/g; octyl salicylate 50.0mg/g; butyl methoxydibenzoylmethane 40.0mg/g,50,False,False,https://www.tga.gov.au/resources/artg/528474,https://www.ebs.tga.gov.au/servlet/xmlmillr6?dbid=ebs/PublicHTML/pdfStore.nsf&docid=528474&agid=(PrintDetailsPublic)&actionid=1
6,chemical-only,485009,SPF 50+ UVA & UVB Protection Water Resistant 4HRS COCONUT BEACH SUNSCREEN LOTION,Bondi Sands Pty Ltd,,4,butyl methoxydibenzoylmethane; homosalate; octocrylene; octyl salicylate,homosalate 100.0mg/g; octocrylene 80.0mg/g; octyl salicylate 50.0mg/g; butyl methoxydibenzoylmethane 40.0mg/g,50,False,False,https://www.tga.gov.au/resources/artg/485009,https://www.ebs.tga.gov.au/servlet/xmlmillr6?dbid=ebs/PublicHTML/pdfStore.nsf&docid=485009&agid=(PrintDetailsPublic)&actionid=1
6,chemical-only,445565,SPF50 Whipped Sunscreen Foam,Allkinds Pty Ltd,,5,bemotrizinol; butyl methoxydibenzoylmethane; ethylhexyl triazone; homosalate; octocrylene,homosalate 90.0mg/g; octocrylene 54.0mg/g; butyl methoxydibenzoylmethane 40.5mg/g; ethylhexyl triazone 36.0mg/g; bemotrizinol 18.0mg/g,50,False,False,https://www.tga.gov.au/resources/artg/445565,https://www.ebs.tga.gov.au/servlet/xmlmillr6?dbid=ebs/PublicHTML/pdfStore.nsf&docid=445565&agid=(PrintDetailsPublic)&actionid=1
6,chemical-only,466445,SPF50+ Hydrating Face Serum With Kakadu Plum Broad Spectrum Sunscreen,Devcos International Pty Ltd,,6,bemotrizinol; butyl methoxydibenzoylmethane; ethylhexyl triazone; methylene bis-benzotriazolyl tetramethylbutylphenol; octocrylene; octyl salicylate,bemotrizinol 10.0mg/g; butyl methoxydibenzoylmethane 50.0mg/g; ethylhexyl triazone 40.0mg/g; octocrylene 80.0mg/g; octyl salicylate 50.0mg/g; methylene bis-benzotriazolyl tetramethylbutylphenol 20.0mg/g,50,False,False,https://www.tga.gov.au/resources/artg/466445,https://www.ebs.tga.gov.au/servlet/xmlmillr6?dbid=ebs/PublicHTML/pdfStore.nsf&docid=466445&agid=(PrintDetailsPublic)&actionid=1
6,chemical-only,514545,SPF50+ SUNSCREEN SPRAY,Bondi Sands Pty Ltd,,4,butyl methoxydibenzoylmethane; homosalate; octocrylene; octyl salicylate,homosalate 90.0mg/g; octocrylene 60.0mg/g; butyl methoxydibenzoylmethane 18.0mg/g; octyl salicylate 30.0mg/g,50,False,False,https://www.tga.gov.au/resources/artg/514545,https://www.ebs.tga.gov.au/servlet/xmlmillr6?dbid=ebs/PublicHTML/pdfStore.nsf&docid=514545&agid=(PrintDetailsPublic)&actionid=1
6,chemical-only,505090,SPF50+ Sunscreen Lotion,Bondi Sands Pty Ltd,,4,butyl methoxydibenzoylmethane; homosalate; octocrylene; octyl salicylate,homosalate 100.0mg/g; octocrylene 80.0mg/g; butyl methoxydibenzoylmethane 30.0mg/g; octyl salicylate 50.0mg/g,50,False,False,https://www.tga.gov.au/resources/artg/505090,https://www.ebs.tga.gov.au/servlet/xmlmillr6?dbid=ebs/PublicHTML/pdfStore.nsf&docid=505090&agid=(PrintDetailsPublic)&actionid=1
6,chemical-only,487988,SUN BUSTER GEL SUNSCREEN,The Weringa Group Pty Ltd,,4,bemotrizinol; diethylamino hydroxybenzoyl hexyl benzoate; ethylhexyl triazone; isoamyl methoxycinnamate,diethylamino hydroxybenzoyl hexyl benzoate 90.0mg/g; bemotrizinol 80.0mg/g; isoamyl methoxycinnamate 10.0mg/g; ethylhexyl triazone 50.0mg/g,,False,False,https://www.tga.gov.au/resources/artg/487988,https://www.ebs.tga.gov.au/servlet/xmlmillr6?dbid=ebs/PublicHTML/pdfStore.nsf&docid=487988&agid=(PrintDetailsPublic)&actionid=1
6,chemical-only,43627,SUN STIK SPF 15+ SUNSCREEN STICK tube,John Thatcher & Associates Pty Ltd,,2,butyl methoxydibenzoylmethane; octyl methoxycinnamate,octyl methoxycinnamate 75.0mg/g; butyl methoxydibenzoylmethane 20.0mg/g,15,False,False,https://www.tga.gov.au/resources/artg/43627,https://www.ebs.tga.gov.au/servlet/xmlmillr6?dbid=ebs/PublicHTML/pdfStore.nsf&docid=43627&agid=(PrintDetailsPublic)&actionid=1
6,chemical-only,313878,SUNGARD SPF50 MOISTURISING SUNSCREEN,Scental Pacific Pty Ltd,,4,4-methylbenzylidene camphor; butyl methoxydibenzoylmethane; octocrylene; phenylbenzimidazole sulfonic acid,butyl methoxydibenzoylmethane 40.0mg/g; 4-methylbenzylidene camphor 40.0mg/g; octocrylene 100.0mg/g; phenylbenzimidazole sulfonic acid 40.0mg/g,50,False,False,https://www.tga.gov.au/resources/artg/313878,https://www.ebs.tga.gov.au/servlet/xmlmillr6?dbid=ebs/PublicHTML/pdfStore.nsf&docid=313878&agid=(PrintDetailsPublic)&actionid=1
6,chemical-only,369013,SUNGARD SPF50+ MOISTURISING SUNSCREEN (bottle),Ensign Laboratories Pty Ltd,,6,bemotrizinol; butyl methoxydibenzoylmethane; ethylhexyl triazone; homosalate; octocrylene; octyl salicylate,butyl methoxydibenzoylmethane 35.0mg/g; octocrylene 60.0mg/g; octyl salicylate 50.0mg/g; homosalate 80.0mg/g; bemotrizinol 10.0mg/g; ethylhexyl triazone 13.0mg/g,50,False,False,https://www.tga.gov.au/resources/artg/369013,https://www.ebs.tga.gov.au/servlet/xmlmillr6?dbid=ebs/PublicHTML/pdfStore.nsf&docid=369013&agid=(PrintDetailsPublic)&actionid=1
6,chemical-only,369012,SUNGARD SPF50+ MOISTURISING SUNSCREEN (tube),Ensign Laboratories Pty Ltd,,6,bemotrizinol; butyl methoxydibenzoylmethane; ethylhexyl triazone; homosalate; octocrylene; octyl salicylate,butyl methoxydibenzoylmethane 35.0mg/g; octocrylene 60.0mg/g; octyl salicylate 50.0mg/g; homosalate 80.0mg/g; bemotrizinol 10.0mg/g; ethylhexyl triazone 13.0mg/g,50,False,False,https://www.tga.gov.au/resources/artg/369012,https://www.ebs.tga.gov.au/servlet/xmlmillr6?dbid=ebs/PublicHTML/pdfStore.nsf&docid=369012&agid=(PrintDetailsPublic)&actionid=1
6,chemical-only,441791,SUNSATIONAL CLEAR FRAGRANCE FREE FAMILY SUNSCREEN SPF50+,City-Country Sales and Distribution Pty Ltd,,6,bemotrizinol; butyl methoxydibenzoylmethane; ethylhexyl triazone; homosalate; octocrylene; octyl salicylate,homosalate 80.0mg/g; octocrylene 60.0mg/g; butyl methoxydibenzoylmethane 35.0mg/g; ethylhexyl triazone 13.0mg/g; octyl salicylate 50.0mg/g; bemotrizinol 10.0mg/g,50,False,False,https://www.tga.gov.au/resources/artg/441791,https://www.ebs.tga.gov.au/servlet/xmlmillr6?dbid=ebs/PublicHTML/pdfStore.nsf&docid=441791&agid=(PrintDetailsPublic)&actionid=1
6,chemical-only,207684,SUNSATIONAL EVERYDAY FAMILY CLEAR SUNSCREEN SPF50+,City-Country Sales and Distribution Pty Ltd,,4,4-methylbenzylidene camphor; bemotrizinol; butyl methoxydibenzoylmethane; octocrylene,butyl methoxydibenzoylmethane 50.0mg/g; 4-methylbenzylidene camphor 40.0mg/g; octocrylene 20.0mg/g; bemotrizinol 10.0mg/g,50,False,False,https://www.tga.gov.au/resources/artg/207684,https://www.ebs.tga.gov.au/servlet/xmlmillr6?dbid=ebs/PublicHTML/pdfStore.nsf&docid=207684&agid=(PrintDetailsPublic)&actionid=1
6,chemical-only,478636,SUNSCREEN MIST,Harper Point Pty Ltd,,4,butyl methoxydibenzoylmethane; homosalate; octocrylene; octyl salicylate,butyl methoxydibenzoylmethane 30.0mg/g; octocrylene 80.0mg/g; homosalate 100.0mg/g; octyl salicylate 50.0mg/g,,False,False,https://www.tga.gov.au/resources/artg/478636,https://www.ebs.tga.gov.au/servlet/xmlmillr6?dbid=ebs/PublicHTML/pdfStore.nsf&docid=478636&agid=(PrintDetailsPublic)&actionid=1
6,chemical-only,472572,SUNSITIVE® OIL CONTROL SUNSCREEN FLUID SPF50+,Pierre Fabre Australia Pty Ltd,,6,bemotrizinol; butyl methoxydibenzoylmethane; disodium phenyl dibenzimidazole tetrasulfonate; ethylhexyl triazone; methylene bis-benzotriazolyl tetramethylbutylphenol; octyl salicylate,octyl salicylate 45.0mg/g; ethylhexyl triazone 30.0mg/g; disodium phenyl dibenzimidazole tetrasulfonate 26.0mg/g; bemotrizinol 25.0mg/g; methylene bis-benzotriazolyl tetramethylbutylphenol 20.0mg/g; butyl methoxydibenzoylmethane 20.0mg/g,50,False,False,https://www.tga.gov.au/resources/artg/472572,https://www.ebs.tga.gov.au/servlet/xmlmillr6?dbid=ebs/PublicHTML/pdfStore.nsf&docid=472572&agid=(PrintDetailsPublic)&actionid=1
6,chemical-only,428256,SUNSITIVE® SUNSCREEN TINTED FLUID SPF50+,Pierre Fabre Australia Pty Ltd,,4,butyl methoxydibenzoylmethane; homosalate; octocrylene; octyl salicylate,homosalate 100.0mg/g; octocrylene 80.0mg/g; octyl salicylate 50.0mg/g; butyl methoxydibenzoylmethane 40.0mg/g,50,False,False,https://www.tga.gov.au/resources/artg/428256,https://www.ebs.tga.gov.au/servlet/xmlmillr6?dbid=ebs/PublicHTML/pdfStore.nsf&docid=428256&agid=(PrintDetailsPublic)&actionid=1
6,chemical-only,276025,SURF LIFE SAVING DAILY SPF50+ SUNSCREEN SPRAY,Sunlife Products Pty Ltd,,4,4-methylbenzylidene camphor; bemotrizinol; butyl methoxydibenzoylmethane; octocrylene,butyl methoxydibenzoylmethane 50.0mg/g; 4-methylbenzylidene camphor 40.0mg/g; octocrylene 20.0mg/g; bemotrizinol 5.0mg/g,50,False,False,https://www.tga.gov.au/resources/artg/276025,https://www.ebs.tga.gov.au/servlet/xmlmillr6?dbid=ebs/PublicHTML/pdfStore.nsf&docid=276025&agid=(PrintDetailsPublic)&actionid=1
6,chemical-only,320584,SURF LIFE SAVING MINIONS SPF50+ SUNSCREEN SPRAY,Sunlife Products Pty Ltd,,4,4-methylbenzylidene camphor; bemotrizinol; butyl methoxydibenzoylmethane; octocrylene,butyl methoxydibenzoylmethane 50.0mg/g; 4-methylbenzylidene camphor 40.0mg/g; octocrylene 20.0mg/g; bemotrizinol 5.0mg/g,50,False,False,https://www.tga.gov.au/resources/artg/320584,https://www.ebs.tga.gov.au/servlet/xmlmillr6?dbid=ebs/PublicHTML/pdfStore.nsf&docid=320584&agid=(PrintDetailsPublic)&actionid=1
6,chemical-only,223828,SURF LIFE SAVING SPORT SPF50+ SUNSCREEN LOTION (reformulation),Sunlife Products Pty Ltd,,5,4-methylbenzylidene camphor; butyl methoxydibenzoylmethane; homosalate; octocrylene; octyl salicylate,butyl methoxydibenzoylmethane 30.0mg/g; 4-methylbenzylidene camphor 25.0mg/g; octocrylene 60.0mg/g; octyl salicylate 50.0mg/g; homosalate 80.0mg/g,50,False,False,https://www.tga.gov.au/resources/artg/223828,https://www.ebs.tga.gov.au/servlet/xmlmillr6?dbid=ebs/PublicHTML/pdfStore.nsf&docid=223828&agid=(PrintDetailsPublic)&actionid=1
6,chemical-only,320188,SURF LIFE SAVING SPORT SPF50+ SUNSCREEN SPRAY,Sunlife Products Pty Ltd,,4,4-methylbenzylidene camphor; bemotrizinol; butyl methoxydibenzoylmethane; octocrylene,4-methylbenzylidene camphor 40.0mg/g; butyl methoxydibenzoylmethane 50.0mg/g; octocrylene 20.0mg/g; bemotrizinol 5.0mg/g,50,False,False,https://www.tga.gov.au/resources/artg/320188,https://www.ebs.tga.gov.au/servlet/xmlmillr6?dbid=ebs/PublicHTML/pdfStore.nsf&docid=320188&agid=(PrintDetailsPublic)&actionid=1
6,chemical-only,313830,SURF LIFE SAVING SPORT SPF50+ SUNSCREEN SPRAY (reformulation),Sunlife Products Pty Ltd,,4,4-methylbenzylidene camphor; bemotrizinol; butyl methoxydibenzoylmethane; octocrylene,butyl methoxydibenzoylmethane 30.0mg/g; 4-methylbenzylidene camphor 24.0mg/g; octocrylene 12.0mg/g; bemotrizinol 3.0mg/g,50,False,False,https://www.tga.gov.au/resources/artg/313830,https://www.ebs.tga.gov.au/servlet/xmlmillr6?dbid=ebs/PublicHTML/pdfStore.nsf&docid=313830&agid=(PrintDetailsPublic)&actionid=1
6,chemical-only,404471,Sand & Sky Australian Sunshield Body Sunscreen SPF 50+,Supernova Au Pty Ltd,,4,butyl methoxydibenzoylmethane; homosalate; octocrylene; octyl salicylate,homosalate 100.0mg/g; octocrylene 80.0mg/g; octyl salicylate 50.0mg/g; butyl methoxydibenzoylmethane 30.0mg/g,50,False,False,https://www.tga.gov.au/resources/artg/404471,https://www.ebs.tga.gov.au/servlet/xmlmillr6?dbid=ebs/PublicHTML/pdfStore.nsf&docid=404471&agid=(PrintDetailsPublic)&actionid=1
6,chemical-only,399561,Sand & Sky Australian Sunshield Body Sunscreen SPF50+,Supernova Au Pty Ltd,,4,butyl methoxydibenzoylmethane; homosalate; octocrylene; octyl salicylate,homosalate 100.0mg/g; octocrylene 80.0mg/g; octyl salicylate 50.0mg/g; butyl methoxydibenzoylmethane 30.0mg/g,50,False,False,https://www.tga.gov.au/resources/artg/399561,https://www.ebs.tga.gov.au/servlet/xmlmillr6?dbid=ebs/PublicHTML/pdfStore.nsf&docid=399561&agid=(PrintDetailsPublic)&actionid=1
6,chemical-only,396777,Sand & Sky Australian Sunshield Daily Hydrating Sunscreen SPF50+,Supernova Au Pty Ltd,,6,bemotrizinol; butyl methoxydibenzoylmethane; ethylhexyl triazone; homosalate; octyl salicylate; phenylbenzimidazole sulfonic acid,homosalate 100.0mg/g; octyl salicylate 50.0mg/g; butyl methoxydibenzoylmethane 30.0mg/g; bemotrizinol 30.0mg/g; ethylhexyl triazone 20.0mg/g; phenylbenzimidazole sulfonic acid 15.0mg/g,50,False,False,https://www.tga.gov.au/resources/artg/396777,https://www.ebs.tga.gov.au/servlet/xmlmillr6?dbid=ebs/PublicHTML/pdfStore.nsf&docid=396777&agid=(PrintDetailsPublic)&actionid=1
6,chemical-only,419295,Serving Shade SPF50 Sunscreen Lotion,BDE Capital Pty Ltd,,4,butyl methoxydibenzoylmethane; homosalate; octocrylene; octyl salicylate,homosalate 100.0mg/g; octyl salicylate 50.0mg/g; butyl methoxydibenzoylmethane 35.0mg/g; octocrylene 50.0mg/g,50,False,False,https://www.tga.gov.au/resources/artg/419295,https://www.ebs.tga.gov.au/servlet/xmlmillr6?dbid=ebs/PublicHTML/pdfStore.nsf&docid=419295&agid=(PrintDetailsPublic)&actionid=1
6,chemical-only,362444,Signature Sunscreen Lotion SPF50+,Feel Good and Co Pty Ltd,,4,butyl methoxydibenzoylmethane; homosalate; octocrylene; octyl salicylate,octocrylene 80.0mg/g; butyl methoxydibenzoylmethane 40.0mg/g; homosalate 100.0mg/g; octyl salicylate 50.0mg/g,50,False,False,https://www.tga.gov.au/resources/artg/362444,https://www.ebs.tga.gov.au/servlet/xmlmillr6?dbid=ebs/PublicHTML/pdfStore.nsf&docid=362444&agid=(PrintDetailsPublic)&actionid=1
6,chemical-only,307300,Silk Matte Sunscreen SPF50+,M3K Services Pty Ltd,,5,butyl methoxydibenzoylmethane; ethylhexyl triazone; homosalate; octocrylene; octyl salicylate,butyl methoxydibenzoylmethane 40.0mg/g; octocrylene 80.0mg/g; octyl salicylate 40.0mg/g; homosalate 100.0mg/g; ethylhexyl triazone 30.0mg/g,50,False,False,https://www.tga.gov.au/resources/artg/307300,https://www.ebs.tga.gov.au/servlet/xmlmillr6?dbid=ebs/PublicHTML/pdfStore.nsf&docid=307300&agid=(PrintDetailsPublic)&actionid=1
6,chemical-only,374577,Skin Guardian Natural-Matte Broad Spectrum SPF 50+ Sunscreen,Napoleon Perdis Cosmetics Pty Ltd,,4,butyl methoxydibenzoylmethane; octocrylene; oxybenzone; phenylbenzimidazole sulfonic acid,octocrylene 70.0mg/g; oxybenzone 30.0mg/g; butyl methoxydibenzoylmethane 25.0mg/g; phenylbenzimidazole sulfonic acid 20.0mg/g,50,False,False,https://www.tga.gov.au/resources/artg/374577,https://www.ebs.tga.gov.au/servlet/xmlmillr6?dbid=ebs/PublicHTML/pdfStore.nsf&docid=374577&agid=(PrintDetailsPublic)&actionid=1
6,chemical-only,409824,Smart365 Sunscreen Lotion SPF50+,Ross Laboratories Aust Pty Ltd,,5,butyl methoxydibenzoylmethane; ethylhexyl triazone; homosalate; octocrylene; octyl salicylate,homosalate 100.0mg/g; octocrylene 80.0mg/g; octyl salicylate 50.0mg/g; butyl methoxydibenzoylmethane 40.0mg/g; ethylhexyl triazone 10.0mg/g,50,False,False,https://www.tga.gov.au/resources/artg/409824,https://www.ebs.tga.gov.au/servlet/xmlmillr6?dbid=ebs/PublicHTML/pdfStore.nsf&docid=409824&agid=(PrintDetailsPublic)&actionid=1
6,chemical-only,371723,Solar D Sunscreen SPF50+,Nexdius Limited,,4,butyl methoxydibenzoylmethane; homosalate; octocrylene; octyl salicylate,butyl methoxydibenzoylmethane 30.0mg/g; octocrylene 70.0mg/g; octyl salicylate 40.0mg/g; homosalate 60.0mg/g,50,False,False,https://www.tga.gov.au/resources/artg/371723,https://www.ebs.tga.gov.au/servlet/xmlmillr6?dbid=ebs/PublicHTML/pdfStore.nsf&docid=371723&agid=(PrintDetailsPublic)&actionid=1
6,chemical-only,394855,Standard Procedure SPF50+ Sunscreen,Concept Laboratories Pty Ltd,,4,butyl methoxydibenzoylmethane; homosalate; octocrylene; octyl salicylate,homosalate 100.0mg/g; octocrylene 80.0mg/g; octyl salicylate 50.0mg/g; butyl methoxydibenzoylmethane 30.0mg/g,50,False,False,https://www.tga.gov.au/resources/artg/394855,https://www.ebs.tga.gov.au/servlet/xmlmillr6?dbid=ebs/PublicHTML/pdfStore.nsf&docid=394855&agid=(PrintDetailsPublic)&actionid=1
6,chemical-only,491805,Standard Procedure SPF50+ Sunscreen Lotion,Concept Laboratories Pty Ltd,,4,butyl methoxydibenzoylmethane; homosalate; octocrylene; octyl salicylate,homosalate 100.0mg/g; octocrylene 80.0mg/g; octyl salicylate 50.0mg/g; butyl methoxydibenzoylmethane 30.0mg/g,50,False,False,https://www.tga.gov.au/resources/artg/491805,https://www.ebs.tga.gov.au/servlet/xmlmillr6?dbid=ebs/PublicHTML/pdfStore.nsf&docid=491805&agid=(PrintDetailsPublic)&actionid=1
6,chemical-only,361390,Sun Genius Hydrating Facial Sunscreen Lotion SPF 50+,Baxter Laboratories Pty Ltd,,5,butyl methoxydibenzoylmethane; ethylhexyl triazone; homosalate; octocrylene; octyl salicylate,octyl salicylate 40.0mg/g; butyl methoxydibenzoylmethane 40.0mg/g; octocrylene 80.0mg/g; ethylhexyl triazone 30.0mg/g; homosalate 100.0mg/g,50,False,False,https://www.tga.gov.au/resources/artg/361390,https://www.ebs.tga.gov.au/servlet/xmlmillr6?dbid=ebs/PublicHTML/pdfStore.nsf&docid=361390&agid=(PrintDetailsPublic)&actionid=1
6,chemical-only,361394,Sun Genius Hydrating Sunscreen Lotion SPF 50+,Baxter Laboratories Pty Ltd,,4,butyl methoxydibenzoylmethane; homosalate; octocrylene; octyl salicylate,butyl methoxydibenzoylmethane 30.0mg/g; octocrylene 80.0mg/g; homosalate 100.0mg/g; octyl salicylate 50.0mg/g,50,False,False,https://www.tga.gov.au/resources/artg/361394,https://www.ebs.tga.gov.au/servlet/xmlmillr6?dbid=ebs/PublicHTML/pdfStore.nsf&docid=361394&agid=(PrintDetailsPublic)&actionid=1
6,chemical-only,362510,Sun Genius Hydrating Sunscreen Spray SPF 50+,Baxter Laboratories Pty Ltd,,4,butyl methoxydibenzoylmethane; homosalate; octocrylene; octyl salicylate,octyl salicylate 50.0mg/g; butyl methoxydibenzoylmethane 40.0mg/g; homosalate 100.0mg/g; octocrylene 80.0mg/g,50,False,False,https://www.tga.gov.au/resources/artg/362510,https://www.ebs.tga.gov.au/servlet/xmlmillr6?dbid=ebs/PublicHTML/pdfStore.nsf&docid=362510&agid=(PrintDetailsPublic)&actionid=1
6,chemical-only,405612,Sun Glazed SPF 30 Sunscreen Glow Oil,James Brus Dewar,,3,butyl methoxydibenzoylmethane; homosalate; octocrylene,octocrylene 80.0mg/g; homosalate 100.0mg/g; butyl methoxydibenzoylmethane 30.0mg/g,30,False,False,https://www.tga.gov.au/resources/artg/405612,https://www.ebs.tga.gov.au/servlet/xmlmillr6?dbid=ebs/PublicHTML/pdfStore.nsf&docid=405612&agid=(PrintDetailsPublic)&actionid=1
6,chemical-only,375468,Sun Shades Every Face Sunscreen SPF 50+,Melaleuca of Australia and New Zealand Pty Ltd,,4,4-methylbenzylidene camphor; butyl methoxydibenzoylmethane; ethylhexyl triazone; octocrylene,butyl methoxydibenzoylmethane 40.0mg/g; 4-methylbenzylidene camphor 40.0mg/g; octocrylene 40.0mg/g; ethylhexyl triazone 30.0mg/g,50,False,False,https://www.tga.gov.au/resources/artg/375468,https://www.ebs.tga.gov.au/servlet/xmlmillr6?dbid=ebs/PublicHTML/pdfStore.nsf&docid=375468&agid=(PrintDetailsPublic)&actionid=1
6,chemical-only,406519,Sun Zapper Extreme Sports Mesh Sunscreen SPF 50+,Sun Zapper Sun Care Pty Ltd,,5,bemotrizinol; diethylamino hydroxybenzoyl hexyl benzoate; ethylhexyl triazone; octyl salicylate; tris-biphenyl triazine,ethylhexyl triazone 30.0mg/g; octyl salicylate 50.0mg/g; diethylamino hydroxybenzoyl hexyl benzoate 40.0mg/g; bemotrizinol 20.0mg/g; tris-biphenyl triazine 17.0mg/g,50,False,False,https://www.tga.gov.au/resources/artg/406519,https://www.ebs.tga.gov.au/servlet/xmlmillr6?dbid=ebs/PublicHTML/pdfStore.nsf&docid=406519&agid=(PrintDetailsPublic)&actionid=1
6,chemical-only,381233,SunGenix Moisturising Sunscreen SPF 50+,Australian Natural Food and Health Pty Ltd,,4,butyl methoxydibenzoylmethane; homosalate; octocrylene; octyl salicylate,homosalate 100.0mg/g; octocrylene 80.0mg/g; octyl salicylate 50.0mg/g; butyl methoxydibenzoylmethane 30.0mg/g,50,False,False,https://www.tga.gov.au/resources/artg/381233,https://www.ebs.tga.gov.au/servlet/xmlmillr6?dbid=ebs/PublicHTML/pdfStore.nsf&docid=381233&agid=(PrintDetailsPublic)&actionid=1
6,chemical-only,334921,SunSeal by Microskin SPF 30 Sunscreen,Blonde Holdings Pty Ltd,,3,butyl methoxydibenzoylmethane; homosalate; octocrylene,butyl methoxydibenzoylmethane 25.0mg/g; octocrylene 60.0mg/g; homosalate 100.0mg/g,30,False,False,https://www.tga.gov.au/resources/artg/334921,https://www.ebs.tga.gov.au/servlet/xmlmillr6?dbid=ebs/PublicHTML/pdfStore.nsf&docid=334921&agid=(PrintDetailsPublic)&actionid=1
6,chemical-only,334923,SunSeal by Microskin SPF 50+ Sunscreen,Blonde Holdings Pty Ltd,,5,butyl methoxydibenzoylmethane; homosalate; octocrylene; octyl salicylate; oxybenzone,oxybenzone 60.0mg/g; butyl methoxydibenzoylmethane 30.0mg/g; octocrylene 80.0mg/g; homosalate 100.0mg/g; octyl salicylate 50.0mg/g,50,False,False,https://www.tga.gov.au/resources/artg/334923,https://www.ebs.tga.gov.au/servlet/xmlmillr6?dbid=ebs/PublicHTML/pdfStore.nsf&docid=334923&agid=(PrintDetailsPublic)&actionid=1
6,chemical-only,392352,Sungard SPF50+ Moisturising Sunscreen,Concept Laboratories Pty Ltd,,4,butyl methoxydibenzoylmethane; homosalate; octocrylene; octyl salicylate,homosalate 100.0mg/g; octocrylene 80.0mg/g; octyl salicylate 50.0mg/g; butyl methoxydibenzoylmethane 40.0mg/g,50,False,False,https://www.tga.gov.au/resources/artg/392352,https://www.ebs.tga.gov.au/servlet/xmlmillr6?dbid=ebs/PublicHTML/pdfStore.nsf&docid=392352&agid=(PrintDetailsPublic)&actionid=1
6,chemical-only,316147,Sunright Sunscreen Lotion SPF50+,Nu Skin Enterprises Australia Inc,,4,4-methylbenzylidene camphor; butyl methoxydibenzoylmethane; ethylhexyl triazone; octocrylene,butyl methoxydibenzoylmethane 40.0mg/g; 4-methylbenzylidene camphor 40.0mg/g; octocrylene 40.0mg/g; ethylhexyl triazone 30.0mg/g,50,False,False,https://www.tga.gov.au/resources/artg/316147,https://www.ebs.tga.gov.au/servlet/xmlmillr6?dbid=ebs/PublicHTML/pdfStore.nsf&docid=316147&agid=(PrintDetailsPublic)&actionid=1
6,chemical-only,476781,Sunscreen Face Moisturiser,Baxter Laboratories Pty Ltd,,5,butyl methoxydibenzoylmethane; ethylhexyl triazone; homosalate; octocrylene; octyl salicylate,homosalate 100.0mg/g; octocrylene 80.0mg/g; butyl methoxydibenzoylmethane 40.0mg/g; octyl salicylate 40.0mg/g; ethylhexyl triazone 30.0mg/g,,False,False,https://www.tga.gov.au/resources/artg/476781,https://www.ebs.tga.gov.au/servlet/xmlmillr6?dbid=ebs/PublicHTML/pdfStore.nsf&docid=476781&agid=(PrintDetailsPublic)&actionid=1
6,chemical-only,476780,Sunscreen Face Moisturiser Light Tint,Baxter Laboratories Pty Ltd,,5,butyl methoxydibenzoylmethane; ethylhexyl triazone; homosalate; octocrylene; octyl salicylate,homosalate 100.0mg/g; octocrylene 80.0mg/g; butyl methoxydibenzoylmethane 40.0mg/g; octyl salicylate 40.0mg/g; ethylhexyl triazone 30.0mg/g,,False,False,https://www.tga.gov.au/resources/artg/476780,https://www.ebs.tga.gov.au/servlet/xmlmillr6?dbid=ebs/PublicHTML/pdfStore.nsf&docid=476780&agid=(PrintDetailsPublic)&actionid=1
6,chemical-only,527812,Sunscreen Stick,Baxter Laboratories Pty Ltd,,3,bemotrizinol; diethylamino hydroxybenzoyl hexyl benzoate; ethylhexyl triazone,diethylamino hydroxybenzoyl hexyl benzoate 70.0mg/g; bemotrizinol 40.0mg/g; ethylhexyl triazone 40.0mg/g,,False,False,https://www.tga.gov.au/resources/artg/527812,https://www.ebs.tga.gov.au/servlet/xmlmillr6?dbid=ebs/PublicHTML/pdfStore.nsf&docid=527812&agid=(PrintDetailsPublic)&actionid=1
6,chemical-only,428613,Sunsitive ® Sunscreen Serum SPF50+,Pierre Fabre Australia Pty Ltd,,6,bemotrizinol; butyl methoxydibenzoylmethane; ethylhexyl triazone; homosalate; octyl salicylate; phenylbenzimidazole sulfonic acid,bemotrizinol 30.0mg/g; butyl methoxydibenzoylmethane 30.0mg/g; phenylbenzimidazole sulfonic acid 15.0mg/g; octyl salicylate 50.0mg/g; ethylhexyl triazone 20.0mg/g; homosalate 100.0mg/g,50,False,False,https://www.tga.gov.au/resources/artg/428613,https://www.ebs.tga.gov.au/servlet/xmlmillr6?dbid=ebs/PublicHTML/pdfStore.nsf&docid=428613&agid=(PrintDetailsPublic)&actionid=1
6,chemical-only,428615,Sunsitive ® sunscreen fluid SPF50+,Pierre Fabre Australia Pty Ltd,,4,butyl methoxydibenzoylmethane; homosalate; octocrylene; octyl salicylate,homosalate 100.0mg/g; octocrylene 80.0mg/g; octyl salicylate 50.0mg/g; butyl methoxydibenzoylmethane 40.0mg/g,50,False,False,https://www.tga.gov.au/resources/artg/428615,https://www.ebs.tga.gov.au/servlet/xmlmillr6?dbid=ebs/PublicHTML/pdfStore.nsf&docid=428615&agid=(PrintDetailsPublic)&actionid=1
6,chemical-only,428614,Sunsitive® sunscreen spray SPF50+,Pierre Fabre Australia Pty Ltd,,4,butyl methoxydibenzoylmethane; homosalate; octocrylene; octyl salicylate,homosalate 100.0mg/g; octocrylene 80.0mg/g; octyl salicylate 50.0mg/g; butyl methoxydibenzoylmethane 40.0mg/g,50,False,False,https://www.tga.gov.au/resources/artg/428614,https://www.ebs.tga.gov.au/servlet/xmlmillr6?dbid=ebs/PublicHTML/pdfStore.nsf&docid=428614&agid=(PrintDetailsPublic)&actionid=1
6,chemical-only,385634,TO SAVE BODY SPF50+ HYDRATING SUNSCREEN,Mecca Brands Distribution Pty Ltd,,6,bemotrizinol; butyl methoxydibenzoylmethane; ethylhexyl triazone; homosalate; octocrylene; octyl salicylate,homosalate 80.0mg/g; octocrylene 60.0mg/g; octyl salicylate 50.0mg/g; butyl methoxydibenzoylmethane 35.0mg/g; ethylhexyl triazone 13.0mg/g; bemotrizinol 10.0mg/g,50,False,False,https://www.tga.gov.au/resources/artg/385634,https://www.ebs.tga.gov.au/servlet/xmlmillr6?dbid=ebs/PublicHTML/pdfStore.nsf&docid=385634&agid=(PrintDetailsPublic)&actionid=1
6,chemical-only,441999,TROPICAL SUNSCREEN LOTION SPF50+,Feel Good and Co Pty Ltd,,4,butyl methoxydibenzoylmethane; homosalate; octocrylene; octyl salicylate,homosalate 100.0mg/g; octocrylene 80.0mg/g; octyl salicylate 50.0mg/g; butyl methoxydibenzoylmethane 40.0mg/g,50,False,False,https://www.tga.gov.au/resources/artg/441999,https://www.ebs.tga.gov.au/servlet/xmlmillr6?dbid=ebs/PublicHTML/pdfStore.nsf&docid=441999&agid=(PrintDetailsPublic)&actionid=1
6,chemical-only,526388,Tech Protect Multi-Mist Sunscreen,Digital Detox Beauty Pty Ltd,,4,butyl methoxydibenzoylmethane; homosalate; octocrylene; octyl salicylate,octocrylene 80.0mg/g; homosalate 100.0mg/g; butyl methoxydibenzoylmethane 35.0mg/g; octyl salicylate 50.0mg/g,,False,False,https://www.tga.gov.au/resources/artg/526388,https://www.ebs.tga.gov.au/servlet/xmlmillr6?dbid=ebs/PublicHTML/pdfStore.nsf&docid=526388&agid=(PrintDetailsPublic)&actionid=1
6,chemical-only,386674,TerryWhite Chemmart Sunscreen Lotion SPF50+,PBA Wholesale Pty Ltd,,4,butyl methoxydibenzoylmethane; homosalate; octocrylene; octyl salicylate,homosalate 100.0mg/g; octocrylene 80.0mg/g; octyl salicylate 50.0mg/g; butyl methoxydibenzoylmethane 30.0mg/g,50,False,False,https://www.tga.gov.au/resources/artg/386674,https://www.ebs.tga.gov.au/servlet/xmlmillr6?dbid=ebs/PublicHTML/pdfStore.nsf&docid=386674&agid=(PrintDetailsPublic)&actionid=1
6,chemical-only,528308,TerryWhite Chemmart Sunscreen Lotion SPF50+,Ross Laboratories Aust Pty Ltd,,3,butyl methoxydibenzoylmethane; homosalate; octocrylene,homosalate 80.0mg/g; octocrylene 80.0mg/g; butyl methoxydibenzoylmethane 30.0mg/g,50,False,False,https://www.tga.gov.au/resources/artg/528308,https://www.ebs.tga.gov.au/servlet/xmlmillr6?dbid=ebs/PublicHTML/pdfStore.nsf&docid=528308&agid=(PrintDetailsPublic)&actionid=1
6,chemical-only,411658,The Future SPF50 Hydrating Daily Sunscreen,DNS Lab Pty Ltd,,4,butyl methoxydibenzoylmethane; homosalate; octocrylene; octyl salicylate,octyl salicylate 50.0mg/g; butyl methoxydibenzoylmethane 30.0mg/g; octocrylene 100.0mg/g; homosalate 100.0mg/g,50,False,False,https://www.tga.gov.au/resources/artg/411658,https://www.ebs.tga.gov.au/servlet/xmlmillr6?dbid=ebs/PublicHTML/pdfStore.nsf&docid=411658&agid=(PrintDetailsPublic)&actionid=1
6,chemical-only,370961,The Skincare Company SPF50+ Very High Protection Sunscreen,THE BLEND CO PTY LTD,,5,4-methylbenzylidene camphor; butyl methoxydibenzoylmethane; diethylamino hydroxybenzoyl hexyl benzoate; homosalate; octocrylene,butyl methoxydibenzoylmethane 20.0mg/g; 4-methylbenzylidene camphor 20.0mg/g; octocrylene 50.0mg/g; homosalate 100.0mg/g; diethylamino hydroxybenzoyl hexyl benzoate 15.0mg/g,50,False,False,https://www.tga.gov.au/resources/artg/370961,https://www.ebs.tga.gov.au/servlet/xmlmillr6?dbid=ebs/PublicHTML/pdfStore.nsf&docid=370961&agid=(PrintDetailsPublic)&actionid=1
6,chemical-only,284898,Thiocell SPF50+ Sunscreen,Concept Laboratories Pty Ltd,,4,butyl methoxydibenzoylmethane; homosalate; octocrylene; octyl salicylate,butyl methoxydibenzoylmethane 40.0mg/g; octocrylene 80.0mg/g; octyl salicylate 50.0mg/g; homosalate 100.0mg/g,50,False,False,https://www.tga.gov.au/resources/artg/284898,https://www.ebs.tga.gov.au/servlet/xmlmillr6?dbid=ebs/PublicHTML/pdfStore.nsf&docid=284898&agid=(PrintDetailsPublic)&actionid=1
6,chemical-only,432870,To Save Face SPF 30 Facial Sunscreen,Mecca Brands Distribution Pty Ltd,,4,butyl methoxydibenzoylmethane; octocrylene; oxybenzone; phenylbenzimidazole sulfonic acid,octocrylene 70.0mg/g; butyl methoxydibenzoylmethane 20.0mg/g; phenylbenzimidazole sulfonic acid 20.0mg/g; oxybenzone 15.0mg/g,30,False,False,https://www.tga.gov.au/resources/artg/432870,https://www.ebs.tga.gov.au/servlet/xmlmillr6?dbid=ebs/PublicHTML/pdfStore.nsf&docid=432870&agid=(PrintDetailsPublic)&actionid=1
6,chemical-only,144082,To Save Face SPF 30 Facial Sunscreen Mecca Cosmetica,Mecca Brands Distribution Pty Ltd,,4,butyl methoxydibenzoylmethane; octocrylene; oxybenzone; phenylbenzimidazole sulfonic acid,butyl methoxydibenzoylmethane 10.0mg/g; octocrylene 50.0mg/g; phenylbenzimidazole sulfonic acid 20.0mg/g; oxybenzone 15.0mg/g,30,False,False,https://www.tga.gov.au/resources/artg/144082,https://www.ebs.tga.gov.au/servlet/xmlmillr6?dbid=ebs/PublicHTML/pdfStore.nsf&docid=144082&agid=(PrintDetailsPublic)&actionid=1
6,chemical-only,385269,Trends Everyday SPF50+ Sunscreen Lotion,Tuapeka Gold Print Limited,,3,butyl methoxydibenzoylmethane; homosalate; octocrylene,homosalate 60.0mg/g; octocrylene 80.0mg/g; butyl methoxydibenzoylmethane 30.0mg/g,50,False,False,https://www.tga.gov.au/resources/artg/385269,https://www.ebs.tga.gov.au/servlet/xmlmillr6?dbid=ebs/PublicHTML/pdfStore.nsf&docid=385269&agid=(PrintDetailsPublic)&actionid=1
6,chemical-only,517166,UNITED WONDER SPF 50+ FACIAL SUNSCREEN,United Wonder Pty Ltd,,4,bemotrizinol; diethylamino hydroxybenzoyl hexyl benzoate; ethylhexyl triazone; octyl methoxycinnamate,ethylhexyl triazone 20.0mg/g; diethylamino hydroxybenzoyl hexyl benzoate 70.0mg/g; octyl methoxycinnamate 100.0mg/g; bemotrizinol 20.0mg/g,50,False,False,https://www.tga.gov.au/resources/artg/517166,https://www.ebs.tga.gov.au/servlet/xmlmillr6?dbid=ebs/PublicHTML/pdfStore.nsf&docid=517166&agid=(PrintDetailsPublic)&actionid=1
6,chemical-only,314149,Ultra Protect SPF50+ Sunscreen,Concept Laboratories Pty Ltd,,4,butyl methoxydibenzoylmethane; homosalate; octocrylene; octyl salicylate,butyl methoxydibenzoylmethane 40.0mg/g; octocrylene 80.0mg/g; octyl salicylate 50.0mg/g; homosalate 100.0mg/g,50,False,False,https://www.tga.gov.au/resources/artg/314149,https://www.ebs.tga.gov.au/servlet/xmlmillr6?dbid=ebs/PublicHTML/pdfStore.nsf&docid=314149&agid=(PrintDetailsPublic)&actionid=1
6,chemical-only,320321,Ultra Protect SPF50+ Sunscreen Lotion,Concept Laboratories Pty Ltd,,3,butyl methoxydibenzoylmethane; homosalate; octocrylene,butyl methoxydibenzoylmethane 30.0mg/g; octocrylene 80.0mg/g; homosalate 60.0mg/g,50,False,False,https://www.tga.gov.au/resources/artg/320321,https://www.ebs.tga.gov.au/servlet/xmlmillr6?dbid=ebs/PublicHTML/pdfStore.nsf&docid=320321&agid=(PrintDetailsPublic)&actionid=1
6,chemical-only,255693,Ultra Protect SPF50+ Sunscreen Spray,Concept Laboratories Pty Ltd,,4,butyl methoxydibenzoylmethane; homosalate; octocrylene; octyl salicylate,butyl methoxydibenzoylmethane 40.0mg/g; octocrylene 80.0mg/g; octyl salicylate 50.0mg/g; homosalate 100.0mg/g,50,False,False,https://www.tga.gov.au/resources/artg/255693,https://www.ebs.tga.gov.au/servlet/xmlmillr6?dbid=ebs/PublicHTML/pdfStore.nsf&docid=255693&agid=(PrintDetailsPublic)&actionid=1
6,chemical-only,454131,"WATERMELON QUICK SPF50+ SCREEN 3 IN 1 SUNSCREEN, SETTING SPRAY & HYDRATION MIST",The Quick Flick Pty Ltd,,4,butyl methoxydibenzoylmethane; homosalate; octocrylene; octyl salicylate,octocrylene 80.0mg/g; octyl salicylate 50.0mg/g; butyl methoxydibenzoylmethane 30.0mg/g; homosalate 100.0mg/g,50,False,False,https://www.tga.gov.au/resources/artg/454131,https://www.ebs.tga.gov.au/servlet/xmlmillr6?dbid=ebs/PublicHTML/pdfStore.nsf&docid=454131&agid=(PrintDetailsPublic)&actionid=1
6,chemical-only,462684,Watermelon Whipped SPF50 Sunscreen,Sundae Body Pty Ltd,,5,bemotrizinol; butyl methoxydibenzoylmethane; ethylhexyl triazone; homosalate; octocrylene,bemotrizinol 18.0mg/g; octocrylene 54.0mg/g; ethylhexyl triazone 36.0mg/g; butyl methoxydibenzoylmethane 40.5mg/g; homosalate 90.0mg/g,50,False,False,https://www.tga.gov.au/resources/artg/462684,https://www.ebs.tga.gov.au/servlet/xmlmillr6?dbid=ebs/PublicHTML/pdfStore.nsf&docid=462684&agid=(PrintDetailsPublic)&actionid=1
6,chemical-only,391395,Wild Rosella Sunscreen Lotion SPF50+,Feel Good and Co Pty Ltd,,4,butyl methoxydibenzoylmethane; homosalate; octocrylene; octyl salicylate,homosalate 100.0mg/g; octocrylene 80.0mg/g; octyl salicylate 50.0mg/g; butyl methoxydibenzoylmethane 40.0mg/g,50,False,False,https://www.tga.gov.au/resources/artg/391395,https://www.ebs.tga.gov.au/servlet/xmlmillr6?dbid=ebs/PublicHTML/pdfStore.nsf&docid=391395&agid=(PrintDetailsPublic)&actionid=1
6,chemical-only,288149,Woolworths Sunscreen SPF50+,Baxter Laboratories Pty Ltd,,4,butyl methoxydibenzoylmethane; homosalate; octocrylene; octyl salicylate,butyl methoxydibenzoylmethane 30.0mg/g; homosalate 100.0mg/g; octyl salicylate 50.0mg/g; octocrylene 80.0mg/g,50,False,False,https://www.tga.gov.au/resources/artg/288149,https://www.ebs.tga.gov.au/servlet/xmlmillr6?dbid=ebs/PublicHTML/pdfStore.nsf&docid=288149&agid=(PrintDetailsPublic)&actionid=1
6,chemical-only,319232,bondi sands AUSTRALIA COCONUT BEACH SPF 50+ SCENTED SUNSCREEN LOTION,Bondi Sands Pty Ltd,,4,butyl methoxydibenzoylmethane; homosalate; octocrylene; octyl salicylate,homosalate 100.0mg/g; octocrylene 80.0mg/g; octyl salicylate 50.0mg/g; butyl methoxydibenzoylmethane 30.0mg/g,50,False,False,https://www.tga.gov.au/resources/artg/319232,https://www.ebs.tga.gov.au/servlet/xmlmillr6?dbid=ebs/PublicHTML/pdfStore.nsf&docid=319232&agid=(PrintDetailsPublic)&actionid=1
6,chemical-only,317890,bondi sands AUSTRALIA FACE SPF 50+ SUNSCREEN LOTION,Bondi Sands Pty Ltd,,4,butyl methoxydibenzoylmethane; homosalate; octocrylene; octyl salicylate,homosalate 100.0mg/g; octyl salicylate 50.0mg/g; octocrylene 80.0mg/g; butyl methoxydibenzoylmethane 30.0mg/g,50,False,False,https://www.tga.gov.au/resources/artg/317890,https://www.ebs.tga.gov.au/servlet/xmlmillr6?dbid=ebs/PublicHTML/pdfStore.nsf&docid=317890&agid=(PrintDetailsPublic)&actionid=1
6,chemical-only,387337,bondi sands AUSTRALIA FACE SPF50+ SUNSCREEN FLUID,Bondi Sands Pty Ltd,,6,bemotrizinol; butyl methoxydibenzoylmethane; ethylhexyl triazone; homosalate; methylene bis-benzotriazolyl tetramethylbutylphenol; octocrylene,homosalate 80.0mg/g; ethylhexyl triazone 40.0mg/g; bemotrizinol 10.0mg/g; octocrylene 60.0mg/g; butyl methoxydibenzoylmethane 50.0mg/g; methylene bis-benzotriazolyl tetramethylbutylphenol 20.0mg/g,50,False,False,https://www.tga.gov.au/resources/artg/387337,https://www.ebs.tga.gov.au/servlet/xmlmillr6?dbid=ebs/PublicHTML/pdfStore.nsf&docid=387337&agid=(PrintDetailsPublic)&actionid=1
6,chemical-only,385692,bondi sands AUSTRALIA FACE SPF50+ TINTED SUNSCREEN LOTION,Bondi Sands Pty Ltd,,4,4-methylbenzylidene camphor; butyl methoxydibenzoylmethane; ethylhexyl triazone; octocrylene,4-methylbenzylidene camphor 40.0mg/g; ethylhexyl triazone 30.0mg/g; butyl methoxydibenzoylmethane 40.0mg/g; octocrylene 40.0mg/g,50,False,False,https://www.tga.gov.au/resources/artg/385692,https://www.ebs.tga.gov.au/servlet/xmlmillr6?dbid=ebs/PublicHTML/pdfStore.nsf&docid=385692&agid=(PrintDetailsPublic)&actionid=1
6,chemical-only,318112,bondi sands AUSTRALIA SPF 50+ SUNSCREEN LOTION,Bondi Sands Pty Ltd,,4,butyl methoxydibenzoylmethane; homosalate; octocrylene; octyl salicylate,octyl salicylate 50.0mg/g; butyl methoxydibenzoylmethane 30.0mg/g; octocrylene 80.0mg/g; homosalate 100.0mg/g,50,False,False,https://www.tga.gov.au/resources/artg/318112,https://www.ebs.tga.gov.au/servlet/xmlmillr6?dbid=ebs/PublicHTML/pdfStore.nsf&docid=318112&agid=(PrintDetailsPublic)&actionid=1
6,chemical-only,330616,bondi sands AUSTRALIA SPF50+ SUNSCREEN LOTION (value pump),Bondi Sands Pty Ltd,,4,butyl methoxydibenzoylmethane; homosalate; octocrylene; octyl salicylate,homosalate 100.0mg/g; octocrylene 80.0mg/g; octyl salicylate 50.0mg/g; butyl methoxydibenzoylmethane 40.0mg/g,50,False,False,https://www.tga.gov.au/resources/artg/330616,https://www.ebs.tga.gov.au/servlet/xmlmillr6?dbid=ebs/PublicHTML/pdfStore.nsf&docid=330616&agid=(PrintDetailsPublic)&actionid=1
6,chemical-only,334227,bondi sands AUSTRALIA SPORT SPF 50+ SUNSCREEN LOTION,Bondi Sands Pty Ltd,,4,butyl methoxydibenzoylmethane; homosalate; octocrylene; octyl salicylate,octyl salicylate 50.0mg/g; homosalate 100.0mg/g; octocrylene 80.0mg/g; butyl methoxydibenzoylmethane 30.0mg/g,50,False,False,https://www.tga.gov.au/resources/artg/334227,https://www.ebs.tga.gov.au/servlet/xmlmillr6?dbid=ebs/PublicHTML/pdfStore.nsf&docid=334227&agid=(PrintDetailsPublic)&actionid=1
6,chemical-only,529778,evoSOLBARI SPF50 BODY SPORT SUNSCREEN,Sun Protection Apparel Pty Ltd,,5,bemotrizinol; butyl methoxydibenzoylmethane; ethylhexyl triazone; octocrylene; octyl salicylate,octocrylene 80.0mg/g; octyl salicylate 50.0mg/g; butyl methoxydibenzoylmethane 45.0mg/g; ethylhexyl triazone 30.0mg/g; bemotrizinol 10.0mg/g,50,False,False,https://www.tga.gov.au/resources/artg/529778,https://www.ebs.tga.gov.au/servlet/xmlmillr6?dbid=ebs/PublicHTML/pdfStore.nsf&docid=529778&agid=(PrintDetailsPublic)&actionid=1
6,chemical-only,529780,evoSOLBARI SPF50 FACE SPORT SUNSCREEN,Sun Protection Apparel Pty Ltd,,5,bemotrizinol; butyl methoxydibenzoylmethane; ethylhexyl triazone; octocrylene; octyl salicylate,octocrylene 80.0mg/g; octyl salicylate 50.0mg/g; butyl methoxydibenzoylmethane 45.0mg/g; ethylhexyl triazone 30.0mg/g; bemotrizinol 10.0mg/g,50,False,False,https://www.tga.gov.au/resources/artg/529780,https://www.ebs.tga.gov.au/servlet/xmlmillr6?dbid=ebs/PublicHTML/pdfStore.nsf&docid=529780&agid=(PrintDetailsPublic)&actionid=1
6,chemical-only,530324,evoSOLBARI SPF50+ BODY MOISTURISING SUNSCREEN LOTION,Sun Protection Apparel Pty Ltd,,3,bemotrizinol; diethylamino hydroxybenzoyl hexyl benzoate; ethylhexyl triazone,bemotrizinol 10.0mg/g; diethylamino hydroxybenzoyl hexyl benzoate 50.0mg/g; ethylhexyl triazone 50.0mg/g,50,False,False,https://www.tga.gov.au/resources/artg/530324,https://www.ebs.tga.gov.au/servlet/xmlmillr6?dbid=ebs/PublicHTML/pdfStore.nsf&docid=530324&agid=(PrintDetailsPublic)&actionid=1
6,chemical-only,530320,evoSOLBARI SPF50+ FACE MOISTURISING SUNSCREEN LOTION,Sun Protection Apparel Pty Ltd,,3,bemotrizinol; diethylamino hydroxybenzoyl hexyl benzoate; ethylhexyl triazone,bemotrizinol 10.0mg/g; diethylamino hydroxybenzoyl hexyl benzoate 50.0mg/g; ethylhexyl triazone 50.0mg/g,50,False,False,https://www.tga.gov.au/resources/artg/530320,https://www.ebs.tga.gov.au/servlet/xmlmillr6?dbid=ebs/PublicHTML/pdfStore.nsf&docid=530320&agid=(PrintDetailsPublic)&actionid=1
6,chemical-only,529474,evoSOLBARI SPF50+ FACE ULTRALIGHT SUNSCREEN SERUM,Sun Protection Apparel Pty Ltd,,6,bemotrizinol; butyl methoxydibenzoylmethane; ethylhexyl triazone; methylene bis-benzotriazolyl tetramethylbutylphenol; octocrylene; octyl salicylate,octocrylene 80.0mg/g; octyl salicylate 50.0mg/g; butyl methoxydibenzoylmethane 50.0mg/g; ethylhexyl triazone 40.0mg/g; bemotrizinol 10.0mg/g; methylene bis-benzotriazolyl tetramethylbutylphenol 20.0mg/g,50,False,False,https://www.tga.gov.au/resources/artg/529474,https://www.ebs.tga.gov.au/servlet/xmlmillr6?dbid=ebs/PublicHTML/pdfStore.nsf&docid=529474&agid=(PrintDetailsPublic)&actionid=1
6,chemical-only,"Applied filters:
SearchValues contains 'sunscreen'",nan,nan,,0,,,,False,False,"https://www.tga.gov.au/resources/artg/Applied filters:
SearchValues contains 'sunscreen'","https://www.ebs.tga.gov.au/servlet/xmlmillr6?dbid=ebs/PublicHTML/pdfStore.nsf&docid=Applied filters:
SearchValues contains 'sunscreen'&agid=(PrintDetailsPublic)&actionid=1"
